:020000040800F2
:100000000040002079310008952F00089D2F00083E
:1000100000000000000000000000000000000000E0
:10002000000000000000000000000000A52F0008F4
:100030000000000000000000AF2F0008B92F0008EA
:10004000C9310008C9310008C9310008C9310008A8
:10005000C9310008C9310008C9310008C931000898
:10006000C9310008C9310008C9310008C931000888
:10007000C9310008C9310008C9310008C931000878
:10008000C9310008C9310008C9310008C931000868
:10009000C9310008C9310008C9310008C931000858
:1000A000C9310008C9310008C9310008C92F00084A
:1000B000E12F0008F92F00081D300008C9310008A1
:1000C00010B5064C2378002B07D1054B002B02D02E
:1000D000044800E000BF0123237010BD8000002011
:1000E00000000000648B0008044B10B5002B03D007
:1000F0000349044800E000BF10BDC04600000000F6
:1001000084000020648B000803B471464908400055
:100110004900095E49008E4403BC70470022430831
:100120008B4274D303098B425FD3030A8B4244D3BF
:10013000030B8B4228D3030C8B420DD3FF22090201
:1001400012BA030C8B4202D31212090265D0030BC0
:100150008B4219D300E0090AC30B8B4201D3CB03B6
:10016000C01A5241830B8B4201D38B03C01A5241F8
:10017000430B8B4201D34B03C01A5241030B8B42FA
:1001800001D30B03C01A5241C30A8B4201D3CB02E5
:10019000C01A5241830A8B4201D38B02C01A5241CA
:1001A000430A8B4201D34B02C01A5241030A8B42CD
:1001B00001D30B02C01A5241CDD2C3098B4201D3E5
:1001C000CB01C01A524183098B4201D38B01C01A63
:1001D000524143098B4201D34B01C01A52410309DA
:1001E0008B4201D30B01C01A5241C3088B4201D389
:1001F000CB00C01A524183088B4201D38B00C01A36
:10020000524143088B4201D34B00C01A5241411A5C
:1002100000D20146524110467047FFE701B5002069
:1002200000F006F802BDC0460029F7D076E7704717
:100230007047C04670B500220C4B04000D0001F061
:10024000E1FA002804D12000290001F019FA70BD5C
:10025000064B00222000290000F008FE01F010FAF1
:1002600080231B069C466044F1E7C0460000E04145
:10027000F0B5DE46454657464E46E0B587B000929B
:1002800001930B031B0B9B46CA0F4B0004008046D7
:100290005B0D029200D198E07C4A934237D05946D8
:1002A000420FC9000A43802109041143C20090464D
:1002B000774A894692469A44002300240393009E7D
:1002C000019F3B031B0B9B467B0030005B0DFD0F2A
:1002D000002B59D06D4A934248D05946720FC9003D
:1002E0000A438021090411438B466949F2008C4678
:1002F00051466344CB1A9A460021029E6E40F6B2E4
:100300000F2C00D9CEE0634BA4001B599F465A46E0
:100310000243914600D090E09A460223904608247A
:100320000393CCE7CB464246029D0399022900D1B4
:10033000DEE1032900D18DE0012900D079E12E0012
:1003400000220023002490461B052343F607334375
:100350004046190007B0F0BCBB46B246A946A046CD
:10036000F0BD002200249046484BEDE75A46009B22
:100370001A43494B9C46E244002A59D102231C43AC
:10038000002302219B46B8E75A46009B1A4349D0F6
:100390005B46002B00D19CE1584601F03DFA02007B
:1003A00003000B3A1D27009EBA1A19005846D64082
:1003B00008398840320002439346009A8A40374900
:1003C00053448A4600219A4497E75B460343994683
:1003D00021D05B46002B00D169E1584601F01CFAA0
:1003E0000B235B429C460200844466461D239B1BF4
:1003F000260011005846DE40083988403300034388
:10040000994623008B409846254B00249B1A9A4618
:100410000023039353E7002398469A4601330424AC
:1004200003934CE701231C43002301219B4664E70F
:100430000323320003211C435FE79A460323D94676
:100440000C2403933BE700238024984600260F4B9F
:10045000240379E780245B4624031C4324032E00F5
:1004600090460A4B240B6FE780244B46240323421B
:1004700002D05B462342F0D080244B4624031C4329
:100480002403029E014B240B5EE7C046FF070000D9
:1004900001FCFFFFAC8D000801F8FFFFF303000033
:1004A0000DFCFFFFCB4500D2F8E000D1F3E00123C3
:1004B0005B429C46444648460025E2445B46170E94
:1004C0001B021F43190C3B04120200971F0C91469C
:1004D00002910397FFF7A8FE02007A430B04210C58
:1004E000804619438A4209D9009F0123BC465B42DA
:1004F00061449C46E0448F4200D85CE1881A02992E
:10050000FFF792FE039A240442430904240C0300DB
:100510000C43A24206D90099013B8C466444A14297
:1005200000D842E1A01A424612041A4393464B46B1
:1005300059461B0C1F0004930B0449460904090C7F
:100540000C001B0C5C43120C7B43884651437A43DE
:10055000270CBC465B186344994203D980214902A9
:100560008C466244190C24041B04240C8A181C19A0
:10057000904202D316D1A54214D25B46009F013BA4
:100580004D4405934D459B41BC465B426344C018B6
:10059000874200D302E1824200D929E100D124E15F
:1005A000059B9B462C1BA542AD41009B801A6D42CA
:1005B000401B834200D10FE10299FFF735FE039AF9
:1005C0000B044243210C050019438A4200D9CBE0B9
:1005D000881A0299FFF728FE039A2404424309046B
:1005E000240C03000C43A24200D9CAE04146A41ADD
:1005F0002A041A43049F13041B0C594340467B43AF
:100600009C46150C68430B0C844463447D4398421C
:1006100003D98020400284466544180C09041B0459
:10062000090C40195B18844227D323D001233500DD
:100630001A43944B5344002B60DD510700D086E0F1
:100640002E00D1085A46D20106D55A468E4B1A4082
:1006500080239346DB0053448C4A934200DD80E6BE
:100660005A4652070A4390465A465B055402240BE9
:100670005B0D69E63500002BDBD0009D511EAC46BA
:100680006444AC4200D29EE0844200D2E1E000D15A
:10069000EEE00A00CAE7424500D908E74B46DC070E
:1006A000580843465B081C434346DD0706E701F054
:1006B000B3F815239C4684440200634620321C2B69
:1006C00000DC92E6230008388340994600239846D0
:1006D0009AE601F0A1F802000300153220331C2A2B
:1006E00000DC5FE600990838814000228B4666E610
:1006F00000222E0000249046654B25E62E000121A5
:10070000C91A382900DD1BE61F297EDC6148140068
:1007100050445B4682408340CC40501E824123437C
:100720001A435B46CB40510709D00F2111400429E1
:1007300005D0111D9142924152429B180A001902A4
:1007400000D49BE00022012300249046FCE50F2109
:100750001140042900D173E7111D91429241524288
:100760002E00C90893446DE7009B013D9C466144FF
:100770008B4200D92CE78A4200D829E7851E6144C4
:1007800026E70099013B8C466444A14200D92DE73D
:10079000A24200D82AE7831E644427E7874200D09C
:1007A000FEE6A94500D9FBE6F5E6A24200D8B9E687
:1007B000831E6444B6E68A4200D89FE6BC46831E88
:1007C000984661449AE60A00844200D02EE74B45E1
:1007D00000D02BE735002CE72A4B2F4A5344924593
:1007E00043DB0122002193442CE7AC4200D8D7E63A
:1007F00002235B429C4600994D444D459B41E34496
:100800008C465B426344C018CCE61F204042C31AAA
:100810005846D840202904D05946204B534499408B
:100820000A43531E9A410723190002430024114032
:10083000134209D008331340042B1DD0131D9342DB
:1008400089411A0049424907D2080A4390460023C9
:100850007AE54946009F4D004D458941BC464942D5
:100860006144A946023A6418AEE70122524246E7C3
:100870009945EED30A00AAE70021E5E759075B0294
:100880001C0BE1E7FF030000FFFFFFFEFE07000077
:10089000FF0700001E04000002FCFFFF3E040000F2
:1008A000F0B557464E46DE464546E0B51F000B0301
:1008B0001B0B16009A46CA0F4B000400914685B0E8
:1008C0005B0D00D1CFE1CD4A934255D05146420F46
:1008D000C9000A43802109041143C2009046C84A56
:1008E0008A4693469B440023002502933C037B00E9
:1008F000FA0F0196240B5B0D009200D188E1BF4AEC
:10090000934200D192E0BE4A944663449B440A2D30
:1009100042DCE400730F23438024494624041C4333
:10092000F3000193009B00205940CBB20393022DAA
:1009300000DC94E00123AB401D00A6232A00DB006D
:100940001A401D4200D029E290239B001D4200D195
:100950004DE20023802499462403A84B10004A4608
:100960001B052343D2071343190005B0F0BCBB4657
:10097000B246A946A046F0BD52460243904600D07A
:10098000ACE19B460223924608250293AEE7009B0A
:10099000A2469946019B9846029B022B00D1CAE1D0
:1009A000032B00D192E1012B10D10023002400225F
:1009B000D4E701227B083A4013435246D20713433F
:1009C000984653465B089A46039B99465B46581CDB
:1009D0008023DB005B44002B00DCB1E14246520780
:1009E0000BD00F2241460A40042A06D04246111D70
:1009F000414592418846524292445246D20106D520
:100A00005246804B1A4080239246DB00C3187E4A30
:100A1000934200DD8FE14246D108524652070A4315
:100A200051465B054C02240B5B0D97E7734B264345
:100A30009C46E344002E00D16FE1032349461D4349
:100A4000009B5940CBB203930A2D00DD33E1012313
:100A5000AB401D000323029388222A4297D14246CD
:100A600043461204120C160001981D0C030C0004DE
:100A7000000C4643B4461E006E4300961600070065
:100A80005E436146B0466F430E0CB8444644B742DD
:100A900005D9802149028846009F47440097614656
:100AA0000904090C370C36048C463100614401916D
:100AB0001100260C2404240C61438C462100694358
:100AC00089466146090C884672434A44424475434C
:100AD000914503D98021490288464544110C884636
:100AE00061460904090C8C4612046244B91802914B
:100AF0005146090C8C4651460F043F0C39004143C6
:100B000045448846614641438A4641466046090C51
:100B1000894658437B4353444B449A4503D980212B
:100B2000490289464844190C894641460904090C82
:100B30008846390061431B044344884661464C4360
:100B400071438C46414677430E0C3F19F6194844D1
:100B5000B44203D9802149028946CC440299009FBE
:100B6000894631044F4489464146974292410C04DC
:100B7000240C4C44FF1852426419A1189F429B4117
:100B8000884682465B42994690459241AC42A441D8
:100B9000C244D14452426442144399459B41824528
:100BA00092415B42524213434A46360CA419E31861
:100BB00063445B02D20D1A43019992467A020A43BA
:100BC000501E8241FF0D17434A4652021743B84652
:100BD000DB0100D5EDE60D4B039A5B449146002BFB
:100BE00000DCACE03A00520700D110E70F22584673
:100BF0003A40042A00D0F9E609E7C046FF070000A2
:100C000001FCFFFFFFFFFFFEFE070000FF030000E7
:100C1000220032436FD0002C00D1C2E0200000F04F
:100C2000FBFD020003000B3A1D20821A3000190060
:100C3000D04008398C400200224334008C40594691
:100C4000CB1A86498B469B440A2D00DDA4E6494613
:100C5000009B01945940CBB2140000200393022D55
:100C600000DD67E6FBE65346034398463CD0534617
:100C7000002B00D1A3E0504600F0CEFD0B235B42D9
:100C80009C460200844411005046083988401D23C8
:100C9000804660461B1A2000D840030040460343AC
:100CA0009A4623008B4098466C4B00259B1A9B4626
:100CB000002302931AE60F2D00D0C9E0802352468C
:100CC0001B031A4202D01C4200D192E080245346FA
:100CD00024031C4324034246240B3EE69B46032385
:100CE00080460C25029301E600239A469B46013379
:100CF00004250293FAE501210D430A2D00DD4BE6A0
:100D0000494600984140C9B20391022D00DC96E0AB
:100D100000230024012001930CE649460223009A97
:100D20002B435140CAB203920A2B00DD34E6002D5A
:100D300057D1039B994600240022494B0EE65846A2
:100D40000121C91A382900DD2FE61F2956DD1F228F
:100D500054465242D31ADC40202907D0414B424628
:100D60009C465346604483401A43904642460721BE
:100D7000531E9A410B00224313400024114209D014
:100D80000F231340042B5DD0111D91429B410A009B
:100D90005B425B07D2081A430023DFE5039B9946B9
:100DA000FAE5019800F038FD020003001532203307
:100DB0001C2A00DC38E7019A083882403FE700F03F
:100DC0002BFD15239C4684440200634620321C2BD5
:100DD00000DC58E7002398462300083883409A46F1
:100DE00062E71D000023002402200193A2E5029087
:100DF00032E61C43009B019A9946AEE51A4B5246D7
:100E0000C31840469A40C8400243404698400300F9
:100E1000581E834154461A43CC40530709D00F2330
:100E20001340042B05D0131D934292415242A41843
:100E30001A00230208D50123002400228EE58946EA
:100E400000248BE50023A5E763076402240BA1E7D8
:100E5000009BA2469946019B984637E70DFCFFFF91
:100E6000FF0700003E0400001E040000F0B55746D6
:100E70004E464546DE46E0B583B0009001910C0336
:100E80004D00CE0F610A009C5F00640F0C43009977
:100E900000920193C80019037B0D9946019BCC4F2A
:100EA000DB0F9C464B0A00998046490F1943009B73
:100EB0008B46DA0092466D0DB94500D1BFE00123A3
:100EC000614659404B468C46EB1A8E4275D0002B3A
:100ED00000DCA3E24946002900D1CEE0BD4200D1AA
:100EE00000E20127382B19DC802759463F0439439B
:100EF0008B461F2B00DDFAE12027F91A8C46594654
:100F00006746B9400F001100D9400F4361468A403F
:100F1000511E8A415946D9401743641AC71BB8422B
:100F200080414042241A230200D440E16402640A52
:100F3000002C00D154E1200000F06EFC0300083BBF
:100F400020213800CA1AD0409C4002009F40224312
:100F50009D4200DDA6E1581B0130091A3C008F407C
:100F6000C4407B1E9F4113008B4027431F43C24058
:100F70003B0014000025134300D1F7E17B0700D1AB
:100F800077E30F2338003B40042B04D0381DB842D0
:100F9000BF417F42E419230200D468E38C4B013542
:100FA0009D4200D1F4E08B4B6D051C406D0D670731
:100FB000C00864020743240BECE0002B00DC29E3AB
:100FC0004946002900D0D6E05946114300D12EE110
:100FD000591E012B00D1E6E1BB4200D182E101277D
:100FE0000B00382914DC1F2B00DD3CE22027F91A06
:100FF0008C4659466746B9400F001100D9400F434F
:1010000061468A40511E8A415946D94017436418A7
:101010003F188742804140422418230200D4C6E092
:101020006B4B01359D4200D1B2E00121694B7A083A
:101030001C4039400A43E707174364089EE7664BA4
:1010400011438A46EB18002928D066452CD0002B86
:101050005BD0002D00D12CE15B4666465F07D208CD
:101060001743DD083B002B4300D1E2E0802424033A
:101070002C432403564D240B8CE05946114300D1D8
:10108000D5E0591E012B00D1B9E1BB4200D1B1E13D
:1010900001270B00382900DD40E72AE761460127D8
:1010A00079408C466645D2D1002B00D1C5E0002D99
:1010B00000D055E14B462500054300D112E2591EF0
:1010C0008C46012B00D149E2414DAB4200D18FE269
:1010D0000127382911DC63461F2B00DD5BE26146E6
:1010E000202327005B1A050098409F40CD40431EF7
:1010F0009841CC402F430743A344BF1897429241E5
:1011000052425A4414004D4687E7344F6B1C3B4211
:1011100000D0B6E05946230011430F000343002DD1
:1011200000D026E1002B00D1C0E1002900D1A1E0D0
:10113000831A98465B464045AD41E31A6D425B1BFE
:1011400080252D042B4200D14BE15B46101A8242D0
:1011500092411C1B0700012663465242A41A2743F2
:101160001E40002F00D142E12C4200D16DE2194B0C
:1011700001251C401BE7BD4200D13BE10127382B74
:1011800000DD45E7802759463F0439438B462AE76F
:10119000002400272D052543F60735433800290094
:1011A00003B0F0BCBB46B246A946A046F0BD7B07E3
:1011B00004D00F233B40042B00D0E7E62B00F808B7
:1011C000034A67070743E508934200D14AE7A5E0D1
:1011D000FF070000FFFF7FFF01F8FFFFFE07000091
:1011E000380000F019FB030018331F2B00DCA7E6C2
:1011F0003A00083882409D4200DD8AE05B1B581CA3
:101200001F2800DCD8E117001F3BDF40202805D055
:1012100040231B1A9A40531E9A4117430025002F62
:1012200000D1E5E07B0700D0ABE62C00C6E7C008A4
:10123000C6E700270024D14DACE7D14F6B1C3B42E1
:1012400071D123000343002D00D04EE15746002BFF
:1012500000D1B5E1002F0DD08318834280415C445A
:1012600040422418220200D5C8E11F0098462743B7
:1012700000D1BCE043466707DB081F43E5080023B5
:101280004CE0831A98465B464045BF41E31A7F42D3
:10129000DB1B1F027CD447461F4300D1A6E01C0085
:1012A000474645E6B74CED1A14407B0700D080E76F
:1012B00084E74B462500054366D05F1E012B00D115
:1012C000FCE0AE4DAB4200D15EE16646382F00DC5B
:1012D000B4E00120171ABA4292415B4652424D4691
:1012E0009C1A20E66707C0080743E508BAE61F0016
:1012F0005946203FF9400F00202B05D04021CB1A42
:10130000594699400A43924653465A1E93411F43F9
:1013100004E6EB1A9B4D15406F07ED082C035D05A5
:10132000240B6D0D36E7954DAB4200D1D6E0821807
:10133000210082428041594440420818C7075208A0
:1013400017434408520700D485E10F221D003A409C
:10135000042A00D01AE6FF08640727430509DDE7E1
:101360005B46D2085F071743DD087BE600270024B1
:1013700010E7002B00D0D6E0002900D02FE1802418
:1013800000267E4D240305E766465C46D00817E735
:101390005B46171ABA4292411C1B01266346524211
:1013A000A41A1E40C4E58318834280415C44404235
:1013B00025182A0200D4DAE0724A5B081540EA07D1
:1013C0001A4369085B0700D44AE10F231340042B3A
:1013D00000D1FCE0171D9742A44164420225641825
:1013E000ECE647461C001F4300D043E700260025DB
:1013F0000024CFE6C00867070743E50832E6871AEE
:101400005B46B8428041E41A4042241A230228D4A1
:101410006307FF081F43E50801237FE7002B00D186
:1014200073E64B465F1B3B00002D00D142E7382F8F
:1014300000DDECE080230E001B041C431F2F25DC85
:1014400020252300ED1B0100A840AB40F940451EBC
:10145000A8410B43FC4018435B461B1B9B4639E7E6
:101460006646012562E51F005946203FF9408C463B
:10147000202B05D040275946FB1A99400A43924633
:1014800057467B1E9F4163461F43C1E53B00250035
:10149000203BDD40202F04D04023DB1B9C40204319
:1014A00080464046431E9841284313E700299DD0BB
:1014B000012663465C4690461E40DBE6171A5B46F3
:1014C000BA4292411C1B5242A41A2302C8D4630799
:1014D000FF081F4366460123E5081FE71D0000249F
:1014E000002757E65C46D0086AE6002B00D137E7B4
:1014F0005346C00867070743E508002B00D1B1E554
:1015000080231B031D4208D05946C808184204D145
:10151000D20849070A43170005007B0FFF00FF08A8
:101520005B071F439EE5C00863071843E5080029D1
:1015300053D080231B031D420AD05946CC081C42BD
:1015400006D1012663462500D008490708431E40FE
:10155000470FC000C0087F07074383E58318934205
:1015600092415C445242A5182A0200D524E76F0735
:10157000DB081F43ED080123D0E6C046FF0700004B
:10158000FE070000FFFF7FFF5B46D2085F0766464D
:101590001743DD0866E52500203BDD406346202B30
:1015A00005D0402361465B1A9C4020438046474655
:1015B0007B1E9F412F43A0E520210027091AD2E47A
:1015C000002F00D113E75C4617000025F6E5D70889
:1015D000490702230F432D09A0E6070042E55B46B9
:1015E00001265F07DD086346D20817431E4039E530
:1015F0005B46D2085F071743DD0833E51E4ADB0868
:1016000022405707520201251F43140BC2E50E006A
:1016100001205FE6002B0DD04B465B1B9C46002D46
:1016200000D148E50127382B00DD66E580231B0447
:101630001C4350E56B1C114D2B4200D073E65946FC
:10164000230011438A46034300E66707C0080023CE
:101650000743E50862E66407FF08274305095DE6DE
:10166000D208490711430F0002232D0956E607004F
:10167000A4E538008FE4C046FFFF7FFFFE070000AF
:101680000B00020070B5164D0C0382B0490000201B
:1016900000920193240B490DDE0FA94204DD11488D
:1016A000814203DD104BF01802B070BD8020400372
:1016B00020430E4C641A1F2C08DD0D4B5B1AD840DA
:1016C00003005842002EEFD11800EDE7094B009AB5
:1016D0009C46030061448B40E2401343F1E7C0465F
:1016E000FE0300001D040000FFFFFF7F3304000025
:1016F00013040000EDFBFFFF70B5002816D0C317E0
:10170000C5185D40C40F280000F086F8104B1B1A66
:101710005B055B0D0A2814DC02002E001532964092
:101720000B22121AD5402D032D0B03E000240023B9
:10173000002500261B052B43E40723433000190036
:1017400070BD0B3885402D0300262D0BF2E7C046F7
:101750001E04000010B5041E10D000F05DF80E4B02
:101760001B1A5B055B0D0A280FDC0B222100121AE5
:10177000D14015300A038440120B01E000230022FF
:101780001B0513432000190010BD22000B388240B6
:1017900012030024120BF3E71E040000844610001D
:1017A00062468C461900634600E0C0461FB500F053
:1017B00005F9002801D40021C8421FBD10B500F072
:1017C00049F84042013010BD10B500F0F7F800288C
:1017D00001DB002010BD012010BDC04610B500F097
:1017E000EDF8002801DD002010BD012010BDC0462D
:1017F00010B500F073F8002801DC002010BD0120B6
:1018000010BDC04610B500F069F8002801DA0020CC
:1018100010BD012010BDC0461C2101231B049842AD
:1018200001D3000C10391B0A984201D3000A083971
:101830001B09984201D30009043902A2105C401828
:101840007047C046040302020101010100000000CC
:1018500000000000F0B55746DE464E464546E0B56E
:101860000D000400E80F83460903D80F090B8246D8
:1018700019488C461F0369005E00490D3F0B760D29
:10188000814218D086420FD00120B1420DD1BC4513
:101890000BD1944209D1D3451CD0002905D1604613
:1018A0002043431E984100E00120F0BCBB46B246F5
:1018B000A946A046F0BD01208E42F6D161463943CB
:1018C0000F0017432743F0D15B465246981A431E38
:1018D0009841EAE70020E8E7FF070000F0B5574627
:1018E0004E464546DE46E0B50D000E034900490D63
:1018F0008A46DF0FE90FBC4683B02F4F04008046B5
:101900000191580019039146360B090B400DBA4559
:101910001DD0B8420DD05746002F2AD1344300289D
:1019200024D10A4336D0002C41D1634658000138F7
:1019300015E0114338D15346002B01D12643F4D092
:10194000019B634507D1019B5800013807E02643FE
:101950002AD1504521D00120019B5F42384303B07A
:10196000F0BCBB46B246A946A046F0BD002CDCD078
:10197000E6E70028EFD0019B6345ECD18245EADC25
:10198000E1DB8E42E7D8DED1C845E4D80020C84567
:10199000E5D2D8E7002CE2D0DDE7114304D1019B6A
:1019A0006345D8D10020DAE702204042D7E7019B07
:1019B0006345E6D0CFE7C046FF070000F0B55746C5
:1019C0004E464546DE46E0B50D000E034900490D82
:1019D0008A46DF0FE90FBC4683B02E4F04008046D5
:1019E0000191580019039146360B090B400DBA4579
:1019F0001ED0B8420DD05746002F27D134430028BF
:101A000033D10A4334D0002C40D16346580001380A
:101A100015E0114312D15346002B01D12643F4D0D7
:101A2000019B63451DD00120019B5F42384306E0C6
:101A3000264303D15045F6D111431CD0022003B0F8
:101A4000F0BCBB46B246A946A046F0BD0028EAD08D
:101A5000019B6345E7D18245E5DC02DB8E42E2D89B
:101A60000ED0019B58000138E9E7002CCDD0D7E714
:101A7000002CE4D0D7E7019B00206345DFD0D2E7FC
:101A8000C845D0D80020C845D9D2EAE7019B6345B4
:101A9000E4D0C8E7FF07000080B582B000AF7860EF
:101AA000034B7A681A60C046BD4602B080BDC0468E
:101AB0009C00002080B582B000AF78607B68180081
:101AC00001F0E8FBC046BD4602B080BDB0B588B0AD
:101AD00002AF0200FB1D1A70BB1D0A1C1A700C21FC
:101AE0007B18FA1D12781A707B18BA1D12785A707A
:101AF0006C4B186817257C197A180A230093022367
:101B0000502102F0E1FF030023707B191B78002BAA
:101B100000D1C0E07B191B78012B04D1624B180067
:101B200006F082F91BE01723FB181B78032B04D166
:101B30005E4B180006F078F911E01723FB181B78AC
:101B4000022B04D15A4B180006F06EF907E0172358
:101B5000FB181A78574B1100180006F0FFF8514B8C
:101B60001B68180003F0EEF903003B613B69002B92
:101B700000D192E03B69012B04D14F4B180006F0D5
:101B800053F926E03B69022B04D14C4B180006F0B8
:101B90004BF91EE03B69042B04D1494B180006F0B9
:101BA00043F916E03B69082B04D1464B180006F0B8
:101BB0003BF90EE03B69102B04D1434B180006F0B3
:101BC00033F906E03B69202B03D1404B180006F0A7
:101BD0002BF9344B1B680F257C19180003F0A6F96C
:101BE000030023707B191B78002B04D1384B18009D
:101BF00006F01AF952E00F23FB181B78202B04D1B2
:101C0000334B180006F010F948E00F23FB181B783F
:101C1000242B04D12F4B180006F006F93EE00F23C9
:101C2000FB181B78212B04D12B4B180006F0FCF875
:101C300034E00F23FB181B78222B04D1274B18000C
:101C400006F0F2F82AE00F23FB181B78282B04D1AA
:101C5000234B180006F0E8F820E00F23FB181B7850
:101C6000292B04D11F4B180006F0DEF816E00F23D5
:101C7000FB181B782A2B04D11B4B180006F0D4F854
:101C80000CE00F23FB181B78602B07D1174B1800B3
:101C900006F0CAF802E0C04600E0C046BD4606B005
:101CA000B0BDC0469C0000207C8B0008A08B0008C3
:101CB000C88B0008EC8B0008048C0008188C000806
:101CC0002C8C0008408C0008548C0008688C00089C
:101CD000808C0008988C0008AC8C0008C48C00082C
:101CE000DC8C0008F48C0008148D0008348D00088A
:101CF00080B584B002AF39601100FB1D021C1A7060
:101D0000BB1D0A1C1A700C4B1868FA1D6423009343
:101D10000123502102F0D8FE074B1868BB1D1B7829
:101D20009BB23A6864210091502102F0F7FFC0464F
:101D3000BD4602B080BDC0469C00002080B582B088
:101D400000AF78607B681800FFF7A6FE00F01AFA73
:101D500000F0EFF9C046BD4602B080BD90B5BBB003
:101D600000AF7860C8243B19180000F092FB2000F7
:101D70003B189A68DB6879680A604B603B181A69FF
:101D80005B6979688A60CB603B189A69DB6979681E
:101D90000A614B61A8243B19180000F053FB200096
:101DA0003B189A68DB6879688A61CB613B181A69CD
:101DB0005B6979680A624B623B189A69DB697968EA
:101DC0008A62CB6288243B19180000F06FFB200068
:101DD0003B189A68DB6879680A634B633B181A6999
:101DE0005B6979688A63CB633B189A69DB697968B8
:101DF0000A644B6468243B19180000F030FB200093
:101E00003B189A68DB6879688A64CB643B181A6966
:101E10005B6979680A654B653B189A69DB69796883
:101E20008A65CB6548243B19180000F025FB20008B
:101E30003B189A68DB6879680A664B663B181A6932
:101E40005B6979688A66CB663B189A69DB69796851
:101E50000A674B6728243B19180000F034FB200068
:101E60003B189A68DB6879688A67CB673B181A6900
:101E70005B69796880310A604B603B189A69DB695D
:101E8000796888310A604B6008243B19180000F01B
:101E900027FB20003B181A685B68796890310A605C
:101EA0004B603B189A68DB68796898310A604B6030
:101EB0003B181A695B697968A0310A604B603B186E
:101EC0009A69DB697968A8310A604B6000F047F9CC
:101ED00003001800FFF710FC02000B007968B03116
:101EE0000A604B60C046BD463BB090BDF0B587B0C0
:101EF00000AFF860B960BB1D1A80FB6818685968AC
:101F00000022354BFEF7CCFC02000B0016257C1995
:101F100010001900FEF78EF903002380FB68986813
:101F2000D96800222C4BFEF7BBFC02000B001426E4
:101F3000BC1910001900FEF77DF903002380FB682F
:101F4000186959690022244BFEF7AAFC02000B0015
:101F500012217C1810001900FEF76CF90300238091
:101F60007B191B88DAB2BB681A707B191B881B0AA5
:101F70009AB2BB680133D2B21A70BB680233BA1985
:101F80001288D2B21A70BB191B881B0A9AB2BB689E
:101F90000333D2B21A70BB68043312217A18128844
:101FA000D2B21A707B181B881B0A9AB2BB68053321
:101FB000D2B21A70BB680633BA1D1288D2B21A7038
:101FC000BB1D1B881B0A9AB2BB680733D2B21A70BA
:101FD000C046BD4607B0F0BD00005940F0B587B01F
:101FE00000AFF860B960BB1D1A80FB68186B596BB5
:101FF0000022354BFEF754FC02000B0016257C191D
:1020000010001900FEF716F903002380FB68986B97
:10201000D96B00222C4BFEF743FC02000B00142668
:10202000BC1910001900FEF705F903002380FB68B6
:10203000186C596C0022244BFEF732FC02000B0096
:1020400012217C1810001900FEF7F4F80300238019
:102050007B191B88DAB2BB681A707B191B881B0AB4
:102060009AB2BB680133D2B21A70BB680233BA1994
:102070001288D2B21A70BB191B881B0A9AB2BB68AD
:102080000333D2B21A70BB68043312217A18128853
:10209000D2B21A707B181B881B0A9AB2BB68053330
:1020A000D2B21A70BB680633BA1D1288D2B21A7047
:1020B000BB1D1B881B0A9AB2BB680733D2B21A70C9
:1020C000C046BD4607B0F0BD00408F4080B582B02D
:1020D00000AF0200FB1D1A70FB1D1B7819000720C2
:1020E000FFF7F4FCC046BD4602B080BD80B582B0AB
:1020F00000AF0200FB1D1A70FB1D1B7819003D206C
:10210000FFF7E4FCFB1D1B78002B03D11320FFF726
:10211000D1FC02E00720FFF7CDFCC046BD4602B06F
:1021200080BD80B500AF0020FFF7E0FFC046BD4690
:1021300080BD80B500AF0C20FFF7D8FFC046BD467C
:1021400080BD80B500AF20213F20FFF7BFFCAF234B
:102150009B001800FFF7AEFCC046BD4680BD80B5B1
:1021600082B000AF0020FFF7B1FFFB1D0122190074
:102170003420FFF7BDFDFB1D1B785BB21800BD4688
:1021800002B080BD80B582B000AFFFF7DAFFFB1D63
:1021900000221A70FB1D012219000020FFF7A8FD84
:1021A000FB1D1B78A02B07D0FB1D1B781A000A4BC8
:1021B0001100180005F0D2FD0020FFF787FF002175
:1021C0003F20FFF783FCFFF7ACFF0A20FFF772FC0C
:1021D000C046BD4602B080BD4C8D0008B0B58EB083
:1021E00000AF78600A00FB1C1A700020FFF76EFF3A
:1021F000FB1C1B78202B08D12823F918FB1C1B780B
:1022000008221800FFF774FD07E02823F918FB1CCB
:102210001B7806221800FFF76BFD0022834B3A6300
:102220007B63FB1C1B780E2B09D1814B1B8818008C
:10223000FFF790FA02000B003A637B633EE0FB1C61
:102240001B78082B07D0FB1C1B78282B03D0FB1C0A
:102250001B782E2B09D1774B1B881800FFF77AFAD1
:1022600002000B003A637B6328E0FB1C1B78142BF5
:1022700009D1714B1B881800FFF76CFA02000B00A4
:102280003A637B631AE0FB1C1B781A2B09D16B4B5A
:102290001B881800FFF75EFA02000B003A637B63AD
:1022A0000CE0FB1C1B78202B08D1654B1B88180009
:1022B000FFF750FA02000B003A637B6308257B1995
:1022C000180020231A00002105F0A4FEFB1C1B7837
:1022D000202B59D128243B195B781BB21B021AB260
:1022E0003B191B781BB213431BB21800FFF704FA0B
:1022F0003A6B7B6BFDF7BCFF02000B0079190A609B
:102300004B603B19DB781BB21B021AB23B199B785E
:102310001BB213431BB21800FFF7EEF93A6B7B6B4D
:10232000FDF7A6FF02000B0079198A60CB603B190C
:102330005B791BB21B021AB23B191B791BB2134308
:102340001BB21800FFF7D8F93A6B7B6BFDF790FFD3
:1023500002000B0079190A614B613B19DB791BB252
:102360001B021AB23B199B791BB213431BB2180014
:10237000FFF7C2F93A6B7B6BFDF77AFF02000B00A7
:1023800079198A61CB6143E028243B195B781BB241
:102390001B021AB23B191B781BB213431BB2180065
:1023A000FFF7AAF93A6B7B6BFDF762FF02000B00A7
:1023B000082579198A60CB603B19DB781BB21B02B8
:1023C0001AB23B199B781BB213431BB21800FFF7DC
:1023D00093F93A6B7B6BFDF74BFF02000B00791909
:1023E0000A614B613B195B791BB21B021AB23B19A4
:1023F0001B791BB213431BB21800FFF77DF93A6B30
:102400007B6BFDF735FF02000B0079198A61CB6108
:102410007A680823FB181000190020231A0005F021
:102420007CFE7868BD460EB0B0BDC0460000F03FEF
:102430000600002000000020020000200400002010
:102440000800002080B582B000AF78607B6808216A
:102450001800FFF7C3FE7868BD4602B080BD80B5A6
:1024600082B000AF78607B680E211800FFF7B6FEDF
:102470007868BD4602B080BD80B582B000AF78609C
:102480007B6814211800FFF7A9FE7868BD4602B0EA
:1024900080BD80B582B000AF78607B681A211800DB
:1024A000FFF79CFE7868BD4602B080BD80B582B063
:1024B00000AF78607B6828211800FFF78FFE7868EE
:1024C000BD4602B080BD80B582B000AF78607B6849
:1024D0002E211800FFF782FE7868BD4602B080BD4D
:1024E00080B582B000AF78607B6820211800FFF7CC
:1024F00075FE7868BD4602B080BD000080B582B030
:1025000000AF7860074B084A7868002101F01AFB99
:10251000031E02D1054B01221A70C046BD4602B00F
:1025200080BDC04660040020440400204004002018
:1025300090B58DB000AFF860B960FB1D1A7018241B
:102540003B19FA681A603B1900229A603B19002275
:10255000DA60FB1D1A783B191A613B1900221A75C3
:10256000094B180001F0B6FA031E08D01423FB181B
:10257000BA683919044801F0DBF9030000E00223CE
:102580001800BD460DB090BDA000002080B500AF82
:1025900000F01CFE00F0C8F800F0B6FA00F0B4F944
:1025A00000F0F2F900F020FA00F04EFA00F07CFAA8
:1025B00000F018F94B4B1800FFF7C0FB80231B02FB
:1025C00049480122190002F0A1F9484B1800FFF711
:1025D000C5FB474B1A884749444B1800FFF786FC58
:1025E000434B1A884449414B1800FFF7F7FC00F0B1
:1025F00047FE0200414B1B68D21AFA239B009A4205
:102600003ED93F4B180001F065FA0300012B37D982
:10261000384980239B0008221800FFF789FF031E1A
:102620000AD180231B02304A1900100002F08BF9F6
:10263000344B354A1A6002E0324B344A1A602E4B52
:10264000334808221900FFF773FF031E0AD18023C5
:102650001B02254A1900100002F075F92D4B2A4A79
:102660001A6002E02B4B294A1A60214B1B88013368
:102670009AB21F4B1A8000F003FE02001F4B1A6033
:102680000A2000F007FE244B1B78DBB2002B21D080
:1026900080231B02144A1900100002F054F91E4B4B
:1026A00000221A701D4B1A781D4B1A701B4B5A785A
:1026B0001B4B5A70194B9A78194B9A70174BDA7852
:1026C000174BDA70154B1A79154B1A71134B5A794F
:1026D000134B5A711249134B0622180003F0ECFDFC
:1026E00073E7C0460401002000040048780300207E
:1026F00070040020300400203804002074040020FE
:10270000A000002068040020888D00089C8D00082F
:10271000010200006C04002040040020600400203E
:102720000C000020F002002090B599B000AF2C24DE
:102730003B19180034231A00002105F06BFC1C2300
:10274000FB18180010231A00002105F063FC3B0061
:1027500018001C231A00002105F05CFC21007B18E6
:1027600002221A607B180122DA607B1810221A619B
:102770007B1800225A627B18180002F059FF031ED2
:1027800001D000F019FA1C217B1807221A607B186F
:1027900000225A607B1800229A607B180022DA60BF
:1027A0007B180021180003F0C9FA031E01D000F0C5
:1027B00003FA3B0023221A603B0000229A603B0090
:1027C0000022DA603B0000221A613B00180003F08F
:1027D00021FC031E01D000F0EFF9C046BD4619B040
:1027E00090BD000080B58AB000AF414B414A1A60ED
:1027F0003F4B01225A603E4B00229A603C4B002224
:10280000DA603B4BC02212031A61394B802252031B
:102810005A61374B00221A76354B00225A76344BD8
:1028200000229A76324B0022DA76314B00221A7758
:102830002F4B00225A772E4B180000F04FFD031E3D
:1028400001D000F0B9F93B002B4A1A603B0000228E
:102850005A603B00294A9A603B000022DA603B0044
:1028600000221A613B0000225A613B0000229A615B
:102870003B000122DA613B0001221A623A001C4B44
:102880001100180000F01CFF031E01D000F094F9A5
:102890001B4A174B0621180000F06AFE031E01D0E8
:1028A00000F08AF9124B180000F0FCFF031E01D063
:1028B00000F082F90E4B0221180001F06EFA031E9F
:1028C00001D000F079F90A4B1B685A69084B1B6864
:1028D0000C490A435A61002200211E2001F05CFDD0
:1028E0001E2001F06EFDC046BD460AB080BDC04648
:1028F000A000002000640040A0D40000E0FF000021
:10290000FD240008038F000080B500AF1B4B1C4A5C
:102910001A601A4B1B4A5A60184B00229A60174BD8
:102920000122DA60154B00221A61144B00225A6111
:10293000124B00229A61114B0022DA610F4B0022E8
:102940001A620E4B180002F019F8031E01D000F0B5
:1029500033F90A4B0021180002F0D2FD031E01D00A
:1029600000F02AF9054B0021180002F015FE031EA5
:1029700001D000F021F9C046BD4680BD0401002011
:10298000005400402B1D200080B500AF144B154AA9
:102990001A60134BE12252025A60114B00229A60D6
:1029A0000F4B0022DA600E4B00221A610C4B0C22F6
:1029B0005A610B4B00229A61094B0022DA61084BE5
:1029C00000221A62064B00225A62054B180003F0DF
:1029D0001FFC031E01D000F0EFF8C046BD4680BDCD
:1029E000580100200038014080B500AF144B154A53
:1029F0001A60134BE12252025A60114B00229A6076
:102A00000F4B0022DA600E4B00221A610C4B0C2295
:102A10005A610B4B00229A61094B0022DA61084B84
:102A200000221A62064B00225A62054B180003F07E
:102A3000EFFB031E01D000F0BFF8C046BD4680BDCD
:102A4000E00100200044004080B500AF144B154A5F
:102A50001A60134BE12252025A60114B00229A6015
:102A60000F4B0022DA600E4B00221A610C4B0C2235
:102A70005A610B4B00229A61094B0022DA61084B24
:102A800000221A62064B00225A62054B180003F01E
:102A9000BFFB031E01D000F08FF8C046BD4680BDCD
:102AA000680200200048004080B500AF144B154A72
:102AB0001A60134BE12252025A60114B00229A60B5
:102AC0000F4B0022DA600E4B00221A610C4B0C22D5
:102AD0005A610B4B00229A61094B0022DA61084BC4
:102AE00000221A62064B00225A62054B180003F0BE
:102AF0008FFB031E01D000F05FF8C046BD4680BDCD
:102B0000F0020020004C004090B589B000AF0C24CA
:102B10003B19180014231A00002105F07BFA244BFE
:102B20005A69234B8021C9030A435A61204B5A69D1
:102B30008023DB031340BB60BB681D4B5A691C4BF1
:102B4000802189020A435A61194B5A6980239B02EA
:102B500013407B607B68164B5A69154B8021C90274
:102B60000A435A61124B5A698023DB0213403B60CF
:102B70003B6880231B020F480022190001F0C6FEAB
:102B80003B19802212021A603B1901225A603B193C
:102B900000229A603B190022DA603B19054A1900AD
:102BA000100001F03BFDC046BD4609B090BDC046D7
:102BB000001002400004004880B500AF72B6C04665
:102BC000C046FDE780B582B000AF0F4B9A690E4B4F
:102BD00001210A439A610C4B9B69012213407B60DF
:102BE0007B68094BDA69084B802149050A43DA61A1
:102BF000054BDA6980235B0513403B603B68C046A8
:102C0000BD4602B080BDC0460010024090B58BB0FA
:102C100000AF786014243B19180014231A00002117
:102C200005F0F8F97B681B68214A93423BD1214BA0
:102C3000DA69204B802189040A43DA611D4BDA6985
:102C400080239B0413403B613B691A4B5A69194B23
:102C5000802189020A435A61164B5A6980239B02DC
:102C60001340FB60FB683B19C02252011A6021002F
:102C70007B1802225A607B1800229A607B1803227C
:102C8000DA607B1804221A617A189023DB051100A0
:102C9000180001F0C3FC002200211E2001F07CFB83
:102CA0001E2001F08EFBC046BD460BB090BDC04655
:102CB000006400400010024090B58BB000AF786017
:102CC00014243B19180014231A00002105F0A2F95E
:102CD0007B681B681C4A934231D11C4B5A691B4BC1
:102CE0008021C9020A435A61184B5A698023DB02CA
:102CF00013403B613B6921007B18C0221A607B189E
:102D000012225A607B1801229A607B180322DA6033
:102D10007B1801221A617B180D4A1900100001F07E
:102D20007DFC0A4BDA69094B802189030A43DA6189
:102D3000064BDA6980239B031340FB60FB68C046A7
:102D4000BD460BB090BDC04600540040001002408C
:102D50000004004890B591B000AF78602C243B1976
:102D6000180014231A00002105F054F97B681B6831
:102D7000824A93423CD1824B9A69814B8021C9019E
:102D80000A439A617E4B9A698023DB011340BB6240
:102D9000BB6A7B4B5A697A4B802189020A435A618C
:102DA000774B5A6980239B0213407B627B6A3B19F5
:102DB000C022D2001A6021007B1802225A607B18C0
:102DC00000229A607B180322DA607B1801221A61C4
:102DD0007A189023DB051100180001F01FFC002277
:102DE00000211B2001F0D8FA1B2001F0EAFAC1E013
:102DF0007B681B68634A93423BD1614BDA69604B45
:102E0000802189020A43DA615D4BDA6980239B02E3
:102E100013403B623B6A5A4B5A69594B80218902E5
:102E20000A435A61564B5A6980239B021340FB6147
:102E3000FB692C217B180C221A607B1802225A6035
:102E40007B1800229A607B180322DA607B1801222B
:102E50001A617A189023DB051100180001F0DEFBDF
:102E6000002200211C2001F097FA1C2001F0A9FA91
:102E700080E07B681B68444A93423BD1404BDA694F
:102E80003F4B8021C9020A43DA613D4BDA69802356
:102E9000DB021340BB61BB69394B5A69384B802157
:102EA000C9020A435A61364B5A698023DB02134038
:102EB0007B617B692C217B18C02212011A607B1870
:102EC00002225A607B1800229A607B180322DA6083
:102ED0007B1804221A617B182C4A1900100001F09B
:102EE0009DFB002200211D2001F056FA1D2001F05B
:102EF00068FA3FE07B681B68254A93423AD1204B31
:102F0000DA691F4B802109030A43DA611C4BDA6935
:102F100080231B0313403B613B69194B5A69184BD3
:102F2000802189020A435A61154B5A6980239B020A
:102F30001340FB60FB682C217B1803221A607B186E
:102F400002225A607B1800229A607B180322DA6002
:102F50007B1804221A617A189023DB0511001800EF
:102F600001F05CFB002200211D2001F015FA1D205C
:102F700001F027FAC046BD4611B090BD00380140AF
:102F80000010024000440040004800400004004897
:102F9000004C004080B500AFC046FDE780B500AFF3
:102FA000C046FDE780B500AFC046BD4680BD80B5D8
:102FB00000AFC046BD4680BD80B500AF00F04EF901
:102FC000C046BD4680BD000080B500AF034B180071
:102FD00003F0CAFAC046BD4680BDC0465801002075
:102FE00080B500AF034B180003F0BEFAC046BD46E3
:102FF00080BDC046E001002080B500AF054B180041
:1030000003F0B2FA044B180003F0AEFAC046BD4616
:1030100080BDC04668020020F002002080B500AFED
:10302000034B180000F0E3FEC046BD4680BDC0461D
:10303000A000002080B586B000AFF860B9607A606B
:1030400000237B610AE000E000BF0100BB685A1C5E
:10305000BA60CAB21A707B6901337B617A697B6896
:103060009A42F0DB7B681800BD4606B080BD80B593
:1030700086B000AFF860B9607A6000237B6109E038
:10308000BB685A1CBA601B78180000E000BF7B695F
:1030900001337B617A697B689A42F1DB7B681800B7
:1030A000BD4606B080BD80B582B000AF7860012318
:1030B0005B421800BD4602B080BD80B582B000AF53
:1030C000786039603B68802292015A6000231800C2
:1030D000BD4602B080BD80B582B000AF78600123EC
:1030E0001800BD4602B080BD80B584B000AFF86066
:1030F000B9607A6000231800BD4604B080BD0000AE
:1031000080B586B000AF7860144A154BD31A7B6146
:103110007B693B61134B1B68002B02D1114B124A98
:103120001A60104B1A687B68D3183A699A4207D222
:1031300004F0C6FF03000C221A6001235B4209E081
:10314000084B1B68FB60074B1A687B68D218054B5D
:103150001A60FB681800BD4606B080BD0040002024
:103160000004000078040020E005002080B500AFD6
:10317000C046BD4680BD00000D488546FFF7F6FFFE
:103180000C480D490D4A002302E0D458C4500433C2
:10319000C4188C42F9D30A4A0A4C002301E0136098
:1031A0000432A242FBD304F091FFFFF7EFF9FEE7F0
:1031B00000400020000000207C0000209C8E0008C1
:1031C00080000020DC050020FEE7000080B500AF95
:1031D000074B1A68064B10210A431A60032000F0BF
:1031E00009F8FFF7EFFC00231800BD4680BDC0467C
:1031F0000020024090B583B000AF7860144B1C688B
:10320000144B1B781900FA239800FCF787FF030082
:1032100019002000FCF782FF0300180001F0E1F81C
:10322000031E01D001230FE07B68032B0BD87968C4
:1032300001235B420022180001F0AEF8064B7A68C9
:103240001A60002300E001231800BD4603B090BDC2
:10325000140000201C0000201800002080B500AFE2
:10326000054B1B781A00054B1B68D218034B1A60DC
:10327000C046BD4680BDC0461C0000207C04002026
:1032800080B500AF024B1B681800BD4680BDC0462C
:103290007C04002080B584B000AF7860FFF7F0FFB9
:1032A0000300BB607B68FB60FB68013305D00A4B01
:1032B0001B781A00FB689B18FB60C046FFF7E0FF15
:1032C0000200BB68D31AFA689A42F7D8C046C046D3
:1032D000BD4604B080BDC0461C00002080B584B04F
:1032E00000AF78607B68002B01D101231FE17B6870
:1032F00020229B5CDBB2002B32D17B688E4A1A64A1
:103300007B688E4A5A647B688D4A9A647B688D4AD2
:10331000DA647B688C4A9A627B688C4ADA627B68E2
:103320008B4A1A637B688B4A5A637B688A4A9A6322
:103330007B688A4ADA637B68894A1A657B68894AAE
:103340005A657B68884A9A657B68DB6D002B02D1E1
:103350007B68864ADA657B68DB6D7A68100098477F
:103360007B681B681A687B681B6801210A431A6026
:10337000FFF786FF0300FB6013E0FFF781FF020009
:10338000FB68D31A0A2B0CD97B685B6A80229202F5
:103390001A437B685A627B682022052199540123D5
:1033A000C5E07B681B685B6801221340E5D07B6841
:1033B0001B681A687B681B6802218A431A60FFF742
:1033C0005FFF0300FB6013E0FFF75AFF0200FB689A
:1033D000D31A0A2B0CD97B685B6A802292021A43AB
:1033E0007B685A627B6820220521995401239EE064
:1033F0007B681B685B6802221340E5D17B681B7EFB
:10340000012B08D17B681B681A687B681B688021C8
:103410000A431A6007E07B681B681A687B681B68B0
:1034200080218A431A607B685B7E012B08D17B6810
:103430001B681A687B681B6840210A431A6007E012
:103440007B681B681A687B681B6840218A431A6086
:103450007B689B7E012B08D17B681B681A687B68A0
:103460001B6820210A431A6007E07B681B681A6802
:103470007B681B6820218A431A607B68DB7E012BF6
:1034800008D17B681B681A687B681B6810218A4317
:103490001A6007E07B681B681A687B681B6810214C
:1034A0000A431A607B681B7F012B08D17B681B686D
:1034B0001A687B681B6808210A431A6007E07B686A
:1034C0001B681A687B681B6808218A431A607B683E
:1034D0005B7F012B08D17B681B681A687B681B68BF
:1034E00004210A431A6007E07B681B681A687B683E
:1034F0001B6804218A431A607B689A687B68DB68D2
:103500001A437B681B691A437B685B691A43110085
:103510007B685B685A1E7B681B680A43DA617B68BC
:1035200000225A627B68202201219954002318004E
:10353000BD4604B080BDC046D1410008E14100084D
:10354000F141000801420008714100088141000872
:1035500091410008A1410008B1410008C1410008A3
:103560001142000821420008314200080D2C0008D9
:1035700080B586B000AFF8607A600B23FB180A1C98
:103580001A701723FB1800221A707B68002B08D1D1
:10359000FB685B6A8022D2031A43FB685A620123EC
:1035A00087E0FB6820229B5CDBB2012B51D10B230F
:1035B000FB181B780E2B40D89A00404BD3181B6881
:1035C0009F46FB687A689A6270E0FB687A68DA6204
:1035D0006CE0FB687A681A6368E0FB687A685A6393
:1035E00064E0FB687A689A6360E0FB687A68DA6393
:1035F0005CE0FB687A681A6458E0FB687A685A6491
:1036000054E0FB687A689A6450E0FB687A68DA6490
:103610004CE0FB687A681A6548E0FB687A685A658E
:1036200044E0FB687A689A6540E0FB687A68DA658E
:103630003CE0FB687A681A6638E0FB685B6A8022C7
:10364000D2031A43FB685A621723FB1801221A702F
:103650002CE0FB6820229B5CDBB2002B1BD10B23F0
:10366000FB181B780D2B02D00E2B04D007E0FB6853
:103670007A68DA651AE0FB687A681A6616E0FB6811
:103680005B6A8022D2031A43FB685A621723FB1835
:1036900001221A700AE0FB685B6A8022D2031A4397
:1036A000FB685A621723FB1801221A701723FB18B4
:1036B0001B781800BD4606B080BDC046048E0008C9
:1036C00080B586B000AF786039607B681B687B612D
:1036D00013203B187A682021525C1A700200BB1834
:1036E0001B78012B04D0BB181B78022B00D0CDE037
:1036F0007A6980239B00D35801221A4311007A690A
:1037000080239B00D1503B685B691F22134001223C
:103710009A401300FB607A6987239B00D358FA68AC
:10372000D2431A4011007A6987239B00D1503B682D
:10373000DB69002B29D17A6983239B00D358FA686F
:10374000D2431A4011007A6983239B00D1503B6811
:10375000DB6818043B685B681B04190C3B685A69FA
:1037600001437B694832D200D1503B689B68190401
:103770003B681B681B041A0C3B685B690A43796948
:103780004833DB00CB1804331A603B68DB69012B3C
:1037900028D17A6983239B00D258FB681A43110011
:1037A0007A6983239B00D1503B681B6818043B68EF
:1037B0005B681B04190C3B685A6901437B694832FA
:1037C000D200D1503B689B6819043B68DB681B043E
:1037D0001A0C3B685B690A4379694833DB00CB18F4
:1037E00004331A603B689B69002B0CD17A698123F2
:1037F0009B00D358FA68D2431A4011007A6981239A
:103800009B00D1500AE07A6981239B00D258FB6863
:103810001A4311007A6981239B00D1503B681B69D0
:10382000002B0CD17A6985239B00D358FA68D243C8
:103830001A4011007A6985239B00D1500AE07A6909
:1038400085239B00D258FB681A4311007A698523AF
:103850009B00D1503B681B6A012B0AD17A698723F0
:103860009B00D258FB681A4311007A6987239B009A
:10387000D1507A6980239B00D358012293431900C9
:103880007A6980239B00D150002307E07B685B6A44
:103890008022D2021A437B685A6201231800BD4677
:1038A00006B080BD80B584B000AF78607B68202210
:1038B0009B5CDBB2012B2FD17B6820220221995423
:1038C0007B681B681A687B681B6801218A431A6041
:1038D000FFF7D6FC0300FB6013E0FFF7D1FC02000A
:1038E000FB68D31A0A2B0CD97B685B6A8022920290
:1038F0001A437B685A627B68202205219954012370
:1039000012E07B681B685B6801221340E5D17B688D
:1039100000225A62002307E07B685B6A8022120360
:103920001A437B685A6201231800BD4604B080BD6B
:1039300080B588B000AFF860B9607A603B601F2046
:103940003B18FA682021525C1A70FB681B689B6860
:10395000BB613B181B78012B04D03B181B78022B52
:1039600000D0ABE0BA698023DB0413400AD1BA6906
:1039700080231B05134005D1BA6980235B051340E2
:1039800000D192E0BB691B0E032213407B61012230
:103990007B699A403B681A60BB689B68002B0CD11E
:1039A000BB681B685905BB68DA68FB681B68114374
:1039B0007A6918321201D1500FE0BB685B68DA00F7
:1039C000BB689B681A431100BB68DA68FB681B6818
:1039D00011437A6918321201D150FB681968BB682B
:1039E0001A697B6918331B01CB1804331A60BB6852
:1039F0001B7D012B12D1FB681A687B6918331B01F0
:103A0000D31804331A68FB68196880235B001A43D3
:103A10007B6918331B01CB1804331A607B680733AA
:103A20001B781A067B6806331B781B041A437B68D5
:103A300005331B781B021A437B6804331B7819007B
:103A4000FB6818680A437969C6235B0009014118BD
:103A5000CB181A607B6803331B781A067B68023325
:103A60001B781B041A437B6801331B781B021A4323
:103A70007B681B781900FB6818680A437969C423BE
:103A80005B0009014118CB181A60FB681B687A6952
:103A900018321201D258FB681B68012111437A6960
:103AA00018321201D150002310E0FB685B6A8022BB
:103AB00092031A43FB685A62012307E0FB685B6AC2
:103AC0008022D2021A43FB685A6201231800BD46C5
:103AD00008B080BD80B584B000AF78600023FB6083
:103AE0000B203B187A682021525C1A700200BB1828
:103AF0001B78012B03D0BB181B78022B1DD17B68D0
:103B00001B689A688023DB04134002D0FB680133F2
:103B1000FB607B681B689A6880231B05134002D0FA
:103B2000FB680133FB607B681B689A6880235B0538
:103B3000134002D0FB680133FB60FB681800BD46F0
:103B400004B080BD80B586B000AFF860B9607A601F
:103B50003B6017203B18FA682021525C1A70020063
:103B6000BB181B78012B04D0BB181B78022B00D08C
:103B700007E1BB68002B0ED1FB681B68DB680322E2
:103B8000134017D1FB685B6A802292031A43FB68DB
:103B90005A620123FDE0FB681B681B690322134086
:103BA00008D1FB685B6A802292031A43FB685A6261
:103BB0000123EEE0FB681B68BA681B321201D35880
:103BC00004221A407B689A607B689B68002B0BD1AB
:103BD000FB681B68BA681B321201D3585B0D5B058A
:103BE0005A0D7B681A600AE0FB681B68BA681B32D2
:103BF0001201D358DB08DB00DA087B685A60FB68E7
:103C00001B68BA681B321201D35802221A407B6823
:103C1000DA60FB681A68BB681B331B01D3180433D6
:103C20001B680822134003D07B6808221A610BE04E
:103C3000FB681A68BB681B331B01D31804331B686D
:103C40000F221A407B681A61FB681A68BB681B3335
:103C50001B01D31804331B681B0AFF221A407B6820
:103C60009A61FB681A68BB681B331B01D3180433C5
:103C70001B681B0C1B041A0C7B685A61FB681968D3
:103C8000BA68DC235B0012018A18D3181B68DAB209
:103C90003B681A70FB681968BA68DC235B00120184
:103CA0008A18D3181B681A0A3B680133D2B21A70FB
:103CB000FB681968BA68DC235B0012018A18D31804
:103CC0001B681A0C3B680233D2B21A70FB68196881
:103CD000BA68DC235B0012018A18D3181B681A0E1D
:103CE0003B680333D2B21A70FB681968BA68DE23E6
:103CF0005B0012018A18D3181A683B680433D2B2E9
:103D00001A70FB681968BA68DE235B0012018A1812
:103D1000D3181B681A0A3B680533D2B21A70FB68C5
:103D20001968BA68DE235B0012018A18D3181B6871
:103D30001A0C3B680633D2B21A70FB681968BA686D
:103D4000DE235B0012018A18D3181B681A0E3B6829
:103D50000733D2B21A70BB68002B08D1FB681B680E
:103D6000DA68FB681B6820210A43DA6007E0FB6819
:103D70001B681A69FB681B6820210A431A6100232B
:103D800007E0FB685B6A8022D2021A43FB685A6232
:103D900001231800BD4606B080BD80B584B000AFD9
:103DA000786039600F203B187A682021525C1A70C5
:103DB0000200BB181B78012B03D0BB181B78022B09
:103DC00009D17B681B6859697B681B683A680A439C
:103DD0005A61002307E07B685B6A8022D2021A43A3
:103DE0007B685A6201231800BD4604B080BD80B5CF
:103DF0008AB000AF786000237B627B681B685B69D8
:103E00003B627B681B685B68FB617B681B689B6827
:103E1000BB617B681B68DB687B617B681B681B6917
:103E20003B617B681B689B69FB603B6A0122134016
:103E300000D18AE0BB690122134026D07B681B6851
:103E400001229A60BB690222134005D07B689B6AFD
:103E50007A681000984718E0BB690422134005D027
:103E60007B6A8022120113437B620EE0BB69082249
:103E7000134005D07B6A8022520113437B6204E029
:103E80007B685B6B7A6810009847BA6980235B0097
:103E900013402AD07B681B68802252009A60BA695E
:103EA00080239B00134005D07B68DB6A7A68100092
:103EB00098471AE0BA698023DB00134005D07B6A7B
:103EC0008022920113437B620FE0BA6980231B01B9
:103ED000134005D07B6A8022D20113437B6204E049
:103EE0007B689B6B7A6810009847BA6980235B02F5
:103EF00013402AD07B681B68802252029A60BA69FC
:103F000080239B02134005D07B681B6B7A681000EE
:103F100098471AE0BA698023DB02134005D07B6A18
:103F20008022120213437B620FE0BA6980231B03D5
:103F3000134005D07B6A8022520213437B6204E067
:103F40007B68DB6B7A68100098473B6A0822134055
:103F50000CD07B691022134008D07B6A802292002B
:103F600013437B627B681B681022DA603B6A042281
:103F700013400CD07B690822134008D07B681B6873
:103F80000822DA607B685B6C7A68100098473B6AAD
:103F9000022213400AD07B681B68DB6803221340AF
:103FA00004D07B681B6C7A68100098473B6A4022FB
:103FB00013400CD03B691022134008D07B6A80224A
:103FC000D20013437B627B681B6810221A613B6A34
:103FD000202213400CD03B690822134008D07B6894
:103FE0001B6808221A617B68DB6C7A6810009847AE
:103FF0003B6A102213400AD07B681B681B690322AE
:10400000134004D07B689B6C7A68100098473A6A2A
:1040100080239B0213400CD0FB691022134008D070
:104020007B681B6810225A607B681B6D7A681000E1
:1040300098473A6A80235B0213400CD0FB69082240
:10404000134008D07B681B6808225A607B685B6D50
:104050007A68100098473A6A80231B02134000D107
:1040600074E0FB690422134000D16BE03A6A8023BC
:104070005B00134007D0FB680122134003D07B6A2A
:10408000012213437B623A6A80239B00134007D0CE
:10409000FB680222134003D07B6A022213437B6237
:1040A0003A6A8023DB00134007D0FB6804221340E8
:1040B00003D07B6A042213437B623A6A80231B018C
:1040C00013403FD0FB68702213403BD0FB68702246
:1040D0001340602B27D02CD8502B1FD029D8402B31
:1040E00017D026D8302B0FD023D8102B02D0202B5E
:1040F00005D01EE07B6A082213437B621AE07B6ACC
:10410000102213437B6215E07B6A202213437B62FB
:1041100010E07B6A402213437B620BE07B6A8022C3
:1041200013437B6206E07B6A8022520013437B626A
:1041300000E0C0467B681B689A697B681B68702139
:104140008A439A617B681B6804225A607B6A002B51
:104150000AD07B685A6A7B6A1A437B685A627B681A
:104160009B6D7A6810009847C046BD460AB080BD76
:1041700080B582B000AF7860C046BD4602B080BD59
:1041800080B582B000AF7860C046BD4602B080BD49
:1041900080B582B000AF7860C046BD4602B080BD39
:1041A00080B582B000AF7860C046BD4602B080BD29
:1041B00080B582B000AF7860C046BD4602B080BD19
:1041C00080B582B000AF7860C046BD4602B080BD09
:1041D00080B582B000AF7860C046BD4602B080BDF9
:1041E00080B582B000AF7860C046BD4602B080BDE9
:1041F00080B582B000AF7860C046BD4602B080BDD9
:1042000080B582B000AF7860C046BD4602B080BDC8
:1042100080B582B000AF7860C046BD4602B080BDB8
:1042200080B582B000AF7860C046BD4602B080BDA8
:1042300080B582B000AF7860C046BD4602B080BD98
:1042400080B582B000AF0200FB1D1A70FB1D1B7809
:104250007F2B09D8FB1D1B781A001F231A40044B23
:10426000012191400A001A60C046BD4602B080BDDF
:1042700000E100E090B583B000AF02003960FB1DA3
:104280001A70FB1D1B787F2B28D82F4AFB1D1B782B
:104290005BB29B08C0339B009B58FA1D127811003B
:1042A00003220A40D200FF2191400A00D2431A4063
:1042B00011003B689B01FF221A40FB1D1B78180070
:1042C00003230340DB009A401F48FB1D1B785BB2B1
:1042D0009B080A43C0339B001A5031E01B4AFB1D68
:1042E0001B7819000F230B40083B9B0806339B00EB
:1042F000D31804331B68FA1D1278110003220A40F8
:10430000D200FF2191400A00D2431A4011003B68BD
:104310009B01FF221A40FB1D1B781800032303405A
:10432000DB009A400948FB1D1B781C000F2323402B
:10433000083B9B080A4306339B00C31804331A60EA
:10434000C046BD4603B090BD00E100E000ED00E0D6
:1043500080B582B000AF78607B685A1E80235B0412
:104360009A4201D3012310E00A4B7A68013A5A605D
:1043700001235B4203211800FFF77CFF054B00225D
:104380009A60044B07221A6000231800BD4602B051
:1043900080BDC04610E000E080B584B000AFB960D9
:1043A0007A600F217B18021C1A70BA687B181B7880
:1043B0005BB211001800FFF75DFFC046BD4604B0B8
:1043C00080BD80B582B000AF0200FB1D1A70FB1DDE
:1043D0001B785BB21800FFF733FFC046BD4602B042
:1043E00080BD80B582B000AF78607B681800FFF7B1
:1043F000AFFF03001800BD4602B080BD80B586B097
:1044000000AFF860B9607A603B601723FB180022A8
:104410001A70FB6820229B5C012B01D102234FE024
:10442000FB68202201219954FB6821229B5CDBB2AE
:10443000012B3AD1FB68212202219954FB6800220A
:104440009A63FB681B681A68FB681B6801218A4332
:104450001A603B687A68B968F86800F0B2F8FB68DF
:10446000DB6A002B08D0FB681B681A68FB681B68B6
:104470000E210A431A600FE0FB681B681A68FB688C
:104480001B680A210A431A60FB681B681A68FB68EC
:104490001B6804218A431A60FB681B681A68FB6862
:1044A0001B6801210A431A6007E0FB6820220021F3
:1044B00099541723FB1802221A701723FB181B7834
:1044C0001800BD4606B080BD80B582B000AF7860F0
:1044D0007B6821229B5CDBB2022B08D07B68042224
:1044E0009A637B68202200219954012320E07B6895
:1044F0001B681A687B681B680E218A431A607B68F8
:104500001B681A687B681B6801218A431A607B68F4
:104510001A6C7B68DB6B012191400A005A607B6852
:104520002122012199547B682022002199540023E3
:104530001800BD4602B080BD80B584B000AF786081
:104540000F217B1800221A707B6821229B5CDBB252
:10455000022B06D07B6804229A637B1801221A7012
:1045600028E07B681B681A687B681B680E218A43F9
:104570001A607B681B681A687B681B6801218A4384
:104580001A607B681A6C7B68DB6B012191400A0022
:104590005A607B682122012199547B6820220021E6
:1045A00099547B685B6B002B04D07B685B6B7A68EB
:1045B000100098470F23FB181B781800BD4604B065
:1045C00080BD80B584B000AFF860B9607A603B60B0
:1045D000FB681A6CFB68DB6B012191400A005A6092
:1045E000FB681B683A685A60FB685B68102B08D14F
:1045F000FB681B687A689A60FB681B68BA68DA60B7
:1046000007E0FB681B68BA689A60FB681B687A68F9
:10461000DA60C046BD4604B080BD000080B586B0FB
:1046200000AF7860396000237B6155E13B681B680F
:1046300001217A6991400A001340FB60FB68002B5E
:1046400000D146E13B685B6803221340012B05D093
:104650003B685B6803221340022B30D17B689B6868
:104660003B617B695B0003229A401300DA433B699C
:1046700013403B613B68DA687B695B009A4013003A
:104680003A6913433B617B683A699A607B685B686F
:104690003B6101227B699A401300DA433B69134076
:1046A0003B613B685B681B0901221A407B699A40A9
:1046B00013003A6913433B617B683A695A603B686F
:1046C0005B6803221340032B17D07B68DB683B61D8
:1046D0007B695B0003229A401300DA433B69134075
:1046E0003B613B689A687B695B009A4013003A69BA
:1046F00013433B617B683A69DA603B685B6803227D
:104700001340022B23D17B69DA087B6808329200C0
:10471000D3583B617B69072213409B000F229A40CC
:104720001300DA433B6913403B613B681A697B69BC
:1047300007210B409B009A4013003A6913433B61E9
:104740007B69DA087B68083292003969D1507B684E
:104750001B683B617B695B0003229A401300DA43CC
:104760003B6913403B613B685B6803221A407B69ED
:104770005B009A4013003A6913433B617B683A69D6
:104780001A603B685A68C0239B02134000D1A0E026
:10479000574B9A69564B01210A439A61544B9B69C6
:1047A00001221340BB60BB68524A7B699B080233FD
:1047B0009B009B583B617B69032213409B000F22A7
:1047C0009A401300DA433B6913403B617A689023B7
:1047D000DB059A4219D07B68474A934213D07B6825
:1047E000464A93420DD07B68454A934207D07B6886
:1047F000444A934201D1042308E0052306E0032341
:1048000004E0022302E0012300E000237A6903218F
:104810000A40920093403A6913433B6135497B69F2
:104820009B0802339B003A695A50374B9B683B61A7
:10483000FB68DA433B6913403B613B685A6880235D
:104840005B03134003D03A69FB6813433B612E4B73
:104850003A699A602C4BDB683B61FB68DA433B6941
:1048600013403B613B685A6880239B03134003D08D
:104870003A69FB6813433B61234B3A69DA60224B88
:104880005B683B61FB68DA433B6913403B613B6813
:104890005A6880239B02134003D03A69FB68134394
:1048A0003B61194B3A695A60174B1B683B61FB68C7
:1048B000DA433B6913403B613B685A6880235B02E3
:1048C000134003D03A69FB6813433B610E4B3A69CE
:1048D0001A607B6901337B613B681A687B69DA4047
:1048E000131E00D0A2E6C046C046BD4606B080BD3D
:1048F0000010024000000140000400480008004889
:10490000000C0048001000480004014080B582B04F
:1049100000AF786008001100BB1C021C1A807B1CD1
:104920000A1C1A707B1C1B78002B04D0BB1C1A8835
:104930007B689A6103E0BB1C1A887B689A62C04658
:10494000BD4602B080BD80B584B000AF78600A007B
:10495000BB1C1A807B685B69FB60BB1C1B88FA6808
:1049600013401A04FB68DB43B91C09880B401A4347
:104970007B689A61C046BD4604B080BD80B582B0F8
:1049800000AF78607B68002B01D101238FE07B684A
:1049900041229B5CDBB2002B07D17B6840220021C7
:1049A00099547B681800FEF787F97B68412224211F
:1049B00099547B681B681A687B681B6801218A43CD
:1049C0001A607B685A687B681B683B490A401A6119
:1049D0007B681B689A687B681B6838490A409A6044
:1049E0007B68DB68012B08D17B689A687B681B6851
:1049F000802109020A439A6007E07B689A687B6815
:104A00001B68842109020A439A607B68DB68022BD9
:104A100009D17B681B685A687B681B688021090183
:104A20000A435A6007E07B681B685A687B681B680A
:104A300023490A405A607B681B685A687B681B6878
:104A400020490A435A607B681B68DA687B681B68E8
:104A50001A490A40DA607B681A697B685B691A4305
:104A600011007B689B691A027B681B680A43DA6045
:104A70007B68D9697B681A6A7B681B680A431A607D
:104A80007B681B681A687B681B6801210A431A60EF
:104A90007B6800225A647B684122202199547B68FC
:104AA00000221A637B6842220021995400231800D7
:104AB000BD4602B080BDC046FFFFFFF0FF7FFFFF95
:104AC000FFF7FFFF0080000290B589B002AFF860E9
:104AD00008007A6019000A23FB18021C1A800823B8
:104AE000FB180A1C1A80FB6841229B5CDBB2202B5E
:104AF00000D00AE1FB6840229B5C012B01D102231C
:104B000004E1FB68402201219954FEF7B9FB030040
:104B10003B6180231902F8683B6900931923012245
:104B200000F03CFA031E01D00123EFE0FB684122B4
:104B300021219954FB68422210219954FB680022DC
:104B40005A64FB687A685A62FB680822BA181288AD
:104B50005A85FB6800225A63FB685B8D9BB2FF2B72
:104B600006D9FB68FF221A8580235B047B6107E07E
:104B7000FB685B8D9AB2FB681A8580239B047B617E
:104B8000FB681B8D002B27D0FB685B6A1A78FB68DB
:104B90001B689A62FB685B6A5A1CFB685A62FB6876
:104BA0005B8D9BB2013B9AB2FB685A85FB681B8DFB
:104BB000013B9AB2FB681A85FB681B8DDBB201339F
:104BC000DAB27C690A23FB181988F868514B009304
:104BD000230000F05BFC6FE0FB681B8DDAB27C69A0
:104BE0000A23FB181988F8684A4B0093230000F049
:104BF0004DFC61E03A69B96AFB68180000F026FADA
:104C0000031E01D0012381E0FB685B6A1A78FB6810
:104C10001B689A62FB685B6A5A1CFB685A62FB68F5
:104C20005B8D9BB2013B9AB2FB685A85FB681B8D7A
:104C3000013B9AB2FB681A85FB685B8D9BB2002B27
:104C40003AD0FB681B8D002B36D1BA6AF8683B69F5
:104C5000009313000022802100F0A0F9031E01D070
:104C6000012353E0FB685B8D9BB2FF2B11D9FB68DE
:104C7000FF221A85FB681B8DDAB280235C040A23AD
:104C8000FB181988F86800230093230000F0FEFB4E
:104C900012E0FB685B8D9AB2FB681A85FB681B8D7E
:104CA000DAB280239C040A23FB181988F8680023D1
:104CB0000093230000F0EAFBFB685B8D9BB2002BA6
:104CC00098D13A69B96AFB68180000F005FA031E2A
:104CD00001D001231AE0FB681B682022DA61FB681F
:104CE0001B685A68FB681B680B490A405A60FB68DE
:104CF000412220219954FB68422200219954FB68EB
:104D0000402200219954002300E002231800BD46F0
:104D100007B090BD0020008000E800FE90B589B08B
:104D200002AFF86008007A6019000A23FB18021C21
:104D30001A800823FB180A1C1A80FB6841229B5C1E
:104D4000DBB2202B00D0E8E0FB6840229B5C012B0B
:104D500001D10223E2E0FB68402201219954FEF7D1
:104D60008FFA03007B6180231902F8687B69009346
:104D70001923012200F012F9031E01D00123CDE016
:104D8000FB68412222219954FB6842221021995448
:104D9000FB6800225A64FB687A685A62FB68082242
:104DA000BA1812885A85FB6800225A63FB685B8D2B
:104DB0009BB2FF2B11D9FB6801221A85FB681B8D62
:104DC000DAB280235C040A23FB181988F868554B73
:104DD0000093230000F05AFB76E0FB685B8D9AB2EB
:104DE000FB681A85FB681B8DDAB280239C040A23BA
:104DF000FB181988F8684B4B0093230000F046FB22
:104E000062E07A69B96AFB68180000F0A9F9031E2C
:104E100001D0012382E0FB681B685A6AFB685B6A69
:104E2000D2B21A70FB685B6A5A1CFB685A62FB6854
:104E30001B8D013B9AB2FB681A85FB685B8D9BB2A8
:104E4000013B9AB2FB685A85FB685B8D9BB2002BD5
:104E50003AD0FB681B8D002B36D1BA6AF8687B69A3
:104E6000009313000022802100F098F8031E01D067
:104E7000012353E0FB685B8D9BB2FF2B11D9FB68CC
:104E8000FF221A85FB681B8DDAB280235C040A239B
:104E9000FB181988F86800230093230000F0F6FA45
:104EA00012E0FB685B8D9AB2FB681A85FB681B8D6C
:104EB000DAB280239C040A23FB181988F8680023BF
:104EC0000093230000F0E2FAFB685B8D9BB2002B9D
:104ED00097D17A69B96AFB68180000F0FDF8031EE3
:104EE00001D001231AE0FB681B682022DA61FB680D
:104EF0001B685A68FB681B680B490A405A60FB68CC
:104F0000412220219954FB68422200219954FB68D8
:104F1000402200219954002300E002231800BD46DE
:104F200007B090BD0024008000E800FE80B582B08C
:104F300000AF78607B6841229B5CDBB21800BD4605
:104F400002B080BD80B582B000AF78607B685B6CDA
:104F50001800BD4602B080BD80B582B000AF786059
:104F60007B681B689B6902221340022B03D17B687C
:104F70001B6800229A627B681B689B6901221340B0
:104F8000012B07D07B681B689A697B681B6801212D
:104F90000A439A61C046BD4602B080BD80B584B068
:104FA00000AFF860B9603B60FB1D1A703AE0BA6967
:104FB0003968FB68180000F071F9031E01D0012365
:104FC00040E03B6801332DD0FEF75AF90200BB697F
:104FD000D31A3A689A4202D33B68002B22D1FB686D
:104FE0001B689B69BA681340BA68D31A5A42534186
:104FF000DBB21A00FB1D1B789A4213D1FB685B6C75
:1050000020221A43FB685A64FB68412220219954EC
:10501000FB68422200219954FB68402200219954E8
:1050200001230FE0FB681B689B69BA681340BA68EC
:10503000D31A5A425341DBB21A00FB1D1B789A4225
:10504000B5D000231800BD4604B080BD80B584B043
:1050500000AFF860B9607A6032E07A68B968FB68DE
:10506000180000F01BF9031E01D0012330E0BB68DB
:10507000013325D0FEF704F902007B68D31ABA6821
:105080009A4202D3BB68002B1AD1FB681B689B694C
:1050900002221340022B13D0FB685B6C20221A43C0
:1050A000FB685A64FB68412220219954FB68422224
:1050B00000219954FB68402200219954012307E004
:1050C000FB681B689B6902221340022BC5D1002399
:1050D0001800BD4604B080BD80B584B000AFF86054
:1050E000B9607A602FE07A68B968FB68180000F050
:1050F000D5F8031E01D001232DE0FEF7C1F8020010
:105100007B68D31ABA689A4202D3BB68002B1AD1C3
:10511000FB681B689B6920221340202B13D0FB687F
:105120005B6C20221A43FB685A64FB6841222021F1
:105130009954FB68422200219954FB6840220021C7
:105140009954012307E0FB681B689B6920221340E8
:10515000202BC8D100231800BD4604B080BD00003C
:1051600080B586B000AFF860B9607A601723FB188D
:1051700000221A707BE07A68B968FB68180000F0BA
:105180008DF8031E03D01723FB1801221A70FB6849
:105190001B689B6920221340202B40D117217B18CC
:1051A0001B78002B3BD1FB681B689B6904221340D2
:1051B000042B06D1FB681B8D002B02D07B1800222C
:1051C0001A70FB681B689B6910221340102B23D1B7
:1051D000FB681B681022DA61FB6804225A64FB68D2
:1051E0001B682022DA61FB681B685A68FB681B6831
:1051F00029490A405A60FB68412220219954FB68E2
:10520000422200219954FB6840220021995417231F
:10521000FB1801221A7002E0FB6800225A64FEF7B4
:105220002FF802007B68D31ABA689A4202D3BB688F
:10523000002B1CD117203B181B78002B17D1FB68C3
:105240001B689B6904221340042B10D0FB685B6C25
:1052500020221A43FB685A64FB684122202199549A
:10526000FB684022002199543B1801221A70FB6808
:105270001B689B6904221340042B05D01723FB18DD
:105280001B78002B00D176E71723FB181B7818003A
:10529000BD4606B080BDC04600E800FE80B58AB0BD
:1052A00000AFF860B9607A602723FB1800221A70FB
:1052B000FB681B689B69BB6100233B627B68FB61E9
:1052C000BB691022134000D179E0FB681B681022F3
:1052D000DA6157E02722BB18BA1812781A70BB6837
:1052E00001334FD0FDF7CCFF0200FB69D31ABA6837
:1052F0009A4202D3BB68002B44D1FB681B685A68F2
:105300008023DB0113407B6113203B18FA684221A4
:10531000525C1A70FB681B689A6980231B021A4052
:1053200080231B029A4226D17A698023DB019A42AC
:1053300021D03B181B78202B1DD0FB681B685A68B6
:10534000FB681B688021C9010A435A60FDF798FF7A
:105350000300FB610FE0FDF793FF0200FB69D31A26
:10536000192B08D93B6A202213433B622723FB18E1
:1053700001221A7006E0FB681B689B69202213401B
:10538000202BE8D1FB681B689B6920221340202B4F
:1053900004D02723FB181B78002B9BD02723FB1856
:1053A0001B78002B03D1FB681B682022DA613B6A63
:1053B000042213433B622723FB1801221A70FB6867
:1053C0001B689B69BB61BA6980235B0013400CD0EA
:1053D0003B6A012213433B62FB681B688022520038
:1053E000DA612723FB1801221A70BA698023DB00D7
:1053F00013400CD03B6A082213433B62FB681B68D6
:105400008022D200DA612723FB1801221A70BA69C0
:1054100080239B0013400CD03B6A022213433B6263
:10542000FB681B6880229200DA612723FB180122A7
:105430001A702723FB181B78002B1DD0FB6818005F
:10544000FFF78AFDFB681B685A68FB681B680E49FA
:105450000A405A60FB685A6C3B6A1A43FB685A64FC
:10546000FB68412220219954FB6842220021995473
:10547000FB684022002199542723FB181B78180051
:10548000BD460AB080BDC04600E800FE90B587B0BA
:1054900000AFF860080011007B600A243B19021C71
:1054A0001A8009203B180A1C1A703B191B889B059F
:1054B0009A0D3B181B781904FF231B040B401A4359
:1054C0007B681A43BB6A13435B005B087B61FB6824
:1054D0001B685B68BA6A510D8022D2000A400749F6
:1054E0000A43D2431A401100FB681B687A690A43D9
:1054F0005A60C046BD4607B090BDC046FF63FF037B
:1055000080B582B000AF786039607B6841229B5CD7
:10551000DBB2202B38D17B6840229B5C012B01D170
:10552000022332E07B684022012199547B684122AA
:10553000242199547B681B681A687B681B680121C9
:105540008A431A607B681B681A687B681B6811496C
:105550000A401A607B681B6819687B681B683A6898
:105560000A431A607B681B681A687B681B68012104
:105570000A431A607B684122202199547B684022AB
:1055800000219954002300E002231800BD4602B018
:1055900080BDC046FFEFFFFF80B584B000AF7860EC
:1055A00039607B6841229B5CDBB2202B39D17B6860
:1055B00040229B5C012B01D1022333E07B68402217
:1055C000012199547B684122242199547B681B68EE
:1055D0001A687B681B6801218A431A607B681B6814
:1055E0001B68FB60FB68114A1340FB603B681B02B1
:1055F000FA681343FB607B681B68FA681A607B6873
:105600001B681A687B681B6801210A431A607B6863
:105610004122202199547B68402200219954002383
:1056200000E002231800BD4604B080BDFFF0FFFF7C
:1056300080B588B000AF78607B68002B02D1012371
:1056400000F076FB7B681B680122134000D18EE0DE
:10565000C54B5B680C221340042B0ED0C24B5B6819
:105660000C221340082B17D1BF4B5A68C0235B0292
:105670001A4080235B029A420ED1BB4B1A688023EA
:105680009B02134000D171E07B685B68002B00D067
:105690006CE0012300F04CFB7B685B68012B07D1B9
:1056A000B14B1A68B04B802149020A431A602FE0BF
:1056B0007B685B68002B0CD1AB4B1A68AA4BAB49DB
:1056C0000A401A60A84B1A68A74BA9490A401A60F9
:1056D0001EE07B685B68052B0ED1A34B1A68A24BBA
:1056E0008021C9020A431A609F4B1A689E4B802191
:1056F00049020A431A600BE09B4B1A689A4B9B497C
:105700000A401A60984B1A68974B99490A401A60E8
:105710007B685B68002B14D0FDF7B2FD0300BB6112
:1057200008E0FDF7ADFD0200BB69D31A642B01D977
:105730000323FDE28C4B1A6880239B021340F0D0B8
:1057400015E0FDF79DFD0300BB6108E0FDF798FD46
:105750000200BB69D31A642B01D90323E8E2824B10
:105760001A6880239B021340F0D100E0C0467B689A
:105770001B680222134000D16CE07B4B5B680C225B
:1057800013400ED0784B5B680C221340082B1FD1BE
:10579000754B5A68C0235B021A4080231B029A4251
:1057A00016D1714B1B680222134005D07B68DB6861
:1057B000012B01D00123BBE26B4B1B68F822934302
:1057C00019007B681B69DA00674B0A431A6041E0E5
:1057D0007B68DB68002B24D0634B1A68624B012185
:1057E0000A431A60FDF74CFD0300BB6108E0FDF7BA
:1057F00047FD0200BB69D31A022B01D9032397E2AC
:10580000594B1B6802221340F1D0574B1B68F822FA
:10581000934319007B681B69DA00534B0A431A60F3
:1058200018E0514B1A68504B01218A431A60FDF76A
:1058300027FD0300BB6108E0FDF722FD0200BB6904
:10584000D31A022B01D9032372E2474B1B680222B1
:105850001340F1D17B681B680822134036D07B6867
:10586000DB69002B19D0404B5A6A3F4B01210A4398
:105870005A62FDF705FD0300BB6108E0FDF700FD7E
:105880000200BB69D31A022B01D9032350E2364B25
:105890005B6A02221340F1D018E0334B5A6A324B54
:1058A00001218A435A62FDF7EBFC0300BB6108E06B
:1058B000FDF7E6FC0200BB69D31A022B01D90323D2
:1058C00036E2294B5B6A02221340F1D17B681B68E8
:1058D0000422134000D1B5E01F203B1800221A70AB
:1058E000214BDA6980235B05134010D11E4BDA6926
:1058F0001D4B802149050A43DA611B4BDA6980237D
:105900005B051340FB60FB683B1801221A70194BC2
:105910001A6880235B0013401AD1164B1A68154B86
:10592000802149000A431A60FDF7AAFC0300BB610D
:1059300008E0FDF7A5FC0200BB69D31A642B01D96E
:105940000323F5E10B4B1A6880235B001340F0D072
:105950007B689B68012B0FD1034B1A6A024B012114
:105960000A431A6236E0C04600100240FFFFFEFF05
:10597000FFFFFBFF007000407B689B68002B0CD191
:10598000CA4B1A6AC94B01218A431A62C74B1A6A69
:10599000C64B04218A431A621CE07B689B68052B76
:1059A0000CD1C24B1A6AC14B04210A431A62BF4B85
:1059B0001A6ABE4B01210A431A620BE0BB4B1A6AFA
:1059C000BA4B01218A431A62B84B1A6AB74B0421B9
:1059D0008A431A627B689B68002B14D0FDF750FC49
:1059E0000300BB6109E0FDF74BFC0200BB69D31A61
:1059F000AF4A934201D903239AE1AC4B1B6A0222BE
:105A00001340F0D013E0FDF73BFC0300BB6109E05D
:105A1000FDF736FC0200BB69D31AA54A934201D9AF
:105A2000032385E1A14B1B6A02221340F0D11F23FF
:105A3000FB181B78012B05D19C4BDA699B4B9D49C8
:105A40000A40DA617B681B681022134063D07B68D0
:105A50005B69012B2AD1954B5A6B944B04210A4365
:105A60005A63924B5A6B914B01210A435A63FDF7DB
:105A700007FC0300BB6108E0FDF702FC0200BB6904
:105A8000D31A022B01D9032352E1884B5B6B02220C
:105A90001340F1D0854B5B6BF822934319007B6870
:105AA0009B69DA00814B0A435A6334E07B685B6987
:105AB000053311D17D4B5A6B7C4B04218A435A63C9
:105AC0007A4B5B6BF822934319007B689B69DA0081
:105AD000764B0A435A631EE0744B5A6B734B042196
:105AE0000A435A63714B5A6B704B01218A435A63C4
:105AF000FDF7C6FB0300BB6108E0FDF7C1FB020038
:105B0000BB69D31A022B01D9032311E1674B5B6BED
:105B100002221340F1D17B681B68202213405CD025
:105B2000624B5B680C2213400C2B0ED05F4B5B6802
:105B30000C221340082B14D15C4B5A68C0235B0223
:105B40001A40C0235B029A420BD1584B5A6B8023F8
:105B50009B02134040D07B681B6A012B3CD0012381
:105B6000E6E07B681B6A002B1BD0504B5A6B4F4BF7
:105B7000802149020A435A63FDF782FB0300BB619F
:105B800008E0FDF77DFB0200BB69D31A022B01D9A7
:105B90000323CDE0454B5A6B80239B021340F0D08A
:105BA0001BE0424B5A6B414B43490A405A63FDF795
:105BB00067FB0300BB6108E0FDF762FB0200BB6905
:105BC000D31A022B01D90323B2E0384B5A6B80233E
:105BD0009B021340F0D100E0C0467B685B6A002B5B
:105BE00000D1A4E0314B5B680C221340082B00D19C
:105BF00078E07B685B6A022B4CD12C4B1A682B4BEC
:105C00002E490A401A60FDF73BFB0300BB6108E028
:105C1000FDF736FB0200BB69D31A022B01D903231F
:105C200086E0224B1A6880239B041340F0D11F4B5F
:105C3000DB6A0F22934319007B681A6B1B4B0A43E4
:105C4000DA621A4B5B681E4A134019007B68DA6AF5
:105C50007B689B6A1A43154B0A435A60134B1A68B8
:105C6000124B802149040A431A60FDF709FB030027
:105C7000BB6108E0FDF704FB0200BB69D31A022BED
:105C800001D9032354E0094B1A6880239B04134075
:105C9000F0D04CE0054B1A68044B08490A401A60E2
:105CA000FDF7EEFA0300BB6115E0C04600100240AC
:105CB00088130000FFFFFFEFFFFFFEFFFFFFFFFE67
:105CC000FF7FC2FFFDF7DCFA0200BB69D31A022B8B
:105CD00001D903232CE0184B1A6880239B0413403E
:105CE000F0D124E07B685B6A012B01D101231FE026
:105CF000114B5B687B61104BDB6A3B617A69C023A7
:105D00005B021A407B689B6A9A420ED13B690F2264
:105D10001A407B681B6B9A4207D17A69F0239B0378
:105D20001A407B68DB6A9A4201D0012300E000231D
:105D30001800BD4608B080BD0010024080B584B098
:105D400000AF786039607B68002B01D10123BFE090
:105D5000614B1B68012213403A689A4211D95E4B8D
:105D60001B680122934319005B4B3A680A431A608F
:105D7000594B1B68012213403A689A4201D0012313
:105D8000A6E07B681B680222134015D07B681B6865
:105D90000422134006D0514B5A68504BE021C900F1
:105DA0000A435A604D4B5B68F022934319007B68AD
:105DB0009A684A4B0A435A607B681B680122134069
:105DC0004CD07B685B68012B07D1444B1A68802359
:105DD0009B02134020D101237AE07B685B68022B91
:105DE00007D13E4B1A6880239B04134014D1012332
:105DF0006EE07B685B68032B07D1384B5A6B8023BE
:105E00009B02134008D1012362E0344B1B6802223D
:105E1000134001D101235BE0304B5B6803229343C5
:105E200019007B685A682D4B0A435A60FDF728FA1F
:105E30000300FB6009E0FDF723FA0200FB68D31AB8
:105E4000274A934201D9032342E0244B5B680C228A
:105E50001A407B685B689B009A42ECD11E4B1B6822
:105E6000012213403A689A4211D21B4B1B6801224F
:105E700093431900184B3A680A431A60164B1B6883
:105E8000012213403A689A4201D0012320E07B6846
:105E90001B680422134009D0104B5B68114A134061
:105EA00019007B68DA680D4B0A435A6000F020F84D
:105EB00001000A4B5B681B090F2213400A4AD35C9E
:105EC0000A00DA40094B1A600320FDF793F900231A
:105ED0001800BD4604B080BD002002400010024002
:105EE00088130000FFF8FFFFEC8D0008140000206D
:105EF00080B586B000AF0023FB600023BB600023A9
:105F00007B6100237B6000233B612D4B5B68FB6062
:105F1000FB680C2213400C2B46D048D8042B02D02F
:105F2000082B03D043E0274B3B6143E0FB689B0C0D
:105F30000F221340244AD35C7B60214BDB6A0F2283
:105F40001340224AD35CBB60FA68C0235B021A404C
:105F500080235B029A4209D1B9681A48FAF7DEF841
:105F600003001A007B6853437B611AE0FA68C02380
:105F70005B021A40C0235B029A4209D1B9681448F7
:105F8000FAF7CCF803001A007B6853437B6108E002
:105F9000B9680C48FAF7C2F803001A007B6853434B
:105FA0007B617B693B6105E0094B3B6102E0054B8E
:105FB0003B61C0463B691800BD4606B080BDC04687
:105FC0000010024000127A00408E0008508E000837
:105FD000006CDC0280B500AF024B1B681800BD46A8
:105FE00080BDC0461400002080B500AFFFF7F2FF6F
:105FF0000100064B5B681B0A07221340044AD35C6E
:10600000D9400B001800BD4680BDC04600100240BC
:10601000FC8D000880B586B000AF786000233B613E
:106020000023FB607B681A6880235B02134000D169
:106030008EE017203B1800221A706E4BDA6980231D
:106040005B05134010D16B4BDA696A4B802149051F
:106050000A43DA61674BDA6980235B051340BB6052
:10606000BB683B1801221A70634B1A6880235B00DF
:1060700013401AD1604B1A685F4B802149000A43D4
:106080001A60FDF7FDF803003B6108E0FDF7F8F842
:1060900002003B69D31A642B01D90323A6E0564BB7
:1060A0001A6880235B001340F0D0524B1A6AC02359
:1060B0009B001340FB60FB68002B34D07B685A6860
:1060C000C0239B001340FA689A422CD0494B1B6AAC
:1060D0004A4A1340FB60474B1A6A464B80214902EB
:1060E0000A431A62434B1A6A424B45490A401A62F4
:1060F000404BFA681A62FB680122134013D0FDF787
:10610000BFF803003B6109E0FDF7BAF802003B6904
:10611000D31A3C4A934201D9032367E0354B1B6AEB
:1061200002221340F0D0334B1B6A344A134019004B
:106130007B685A682F4B0A431A621723FB181B7897
:10614000012B05D12B4BDA692A4B2F490A40DA6122
:106150007B681B680122134009D0264B1B6B03226E
:10616000934319007B689A68224B0A431A637B6841
:106170001B680222134009D01E4B1B6B234A13409D
:1061800019007B68DA681B4B0A431A637B681B683B
:106190002022134009D0174B1B6B10229343190088
:1061A0007B681A69134B0A431A637B681A68802359
:1061B0009B02134009D00F4B1B6B802293431900A5
:1061C0007B689A690B4B0A431A637B681A688023C1
:1061D000DB00134009D0074B1B6B4022934319008F
:1061E0007B685A69034B0A431A6300231800BD46B3
:1061F00006B080BD0010024000700040FFFCFFFFB1
:10620000FFFFFEFF88130000FFFFFFEFFFFFFCFF13
:1062100080B582B000AF78607B68002B01D101238C
:1062200044E07B68DB6F002B07D17B68782200217C
:1062300099547B681800FCF78DFD7B682422DA678F
:106240007B681B681A687B681B6801218A431A6097
:106250007B685B6A002B03D07B68180000F008FEA7
:106260007B68180000F07CFC0300012B01D10123A6
:106270001CE07B681B685A687B681B680D490A40F4
:106280005A607B681B689A687B681B682A218A436E
:106290009A607B681B681A687B681B6801210A4347
:1062A0001A607B68180000F097FE03001800BD46D6
:1062B00002B080BDFFB7FFFF80B588B000AFF860C7
:1062C000B960BB1D1A80FB68DB6F202B5BD1BB68FC
:1062D000002B03D0BB1D1B88002B01D1012353E0F1
:1062E000FB689A6880235B019A4209D1FB681B69AD
:1062F000002B05D1BB680122134001D0012343E0EC
:10630000FB68BA68DA64FB68BA1D502112885A52D9
:10631000FB68BA1D522112885A52FB680022DA66C5
:10632000FB68842200219950FB682122DA67FB6810
:106330009A6880235B019A4207D1FB681B69002B96
:1063400003D1FB68124ADA6602E0FB68114ADA669A
:10635000EFF310833B613B69FB6101237B617B6948
:1063600083F31088C046FB681B681A68FB681B68CB
:1063700080210A431A60FB69BB61BB6983F3108803
:10638000C046002300E002231800BD4608B080BDCF
:10639000DF7700082D77000880B588B000AFF8607F
:1063A000B960BB1D1A80FB68DB6F202B00D077E043
:1063B000BB68002B03D0BB1D1B88002B01D1012320
:1063C0006FE0FB689A6880235B019A4209D1FB6801
:1063D0001B69002B05D1BB680122134001D00123AA
:1063E0005FE0FB68BA68DA64FB68BA1D5021128866
:1063F0005A52FB68BA1D522112885A52FB688422F5
:1064000000219950FB682122DA67FB681B6F002B83
:1064100027D0FB681B6F254A9A62FB681B6F244AD2
:10642000DA62FB681B6F234A1A63FB681B6F00224A
:106430005A63FB68186FFB68DB6C1900FB681B680C
:1064400028331A00BB1D1B88FDF7D8FF031E08D098
:10645000FB68842210219950FB682022DA6701230F
:106460001FE0FB681B6840221A62EFF310833B6158
:106470003B69FB6101237B617B6983F31088C04624
:10648000FB681B689A68FB681B6880210A439A6056
:10649000FB69BB61BB6983F31088C046002300E041
:1064A00002231800BD4608B080BDC04659740008DC
:1064B000ED7400087B76000880B588B000AFF86006
:1064C000B960BB1D1A80FB6880229B58202B45D1E8
:1064D000BB68002B03D0BB1D1B88002B01D10123FF
:1064E0003DE0FB689A6880235B019A4209D1FB6812
:1064F0001B69002B05D1BB680122134001D0012389
:106500002DE0FB6800221A66FB681B685A6880232E
:106510001B04134019D0EFF310833B613B69FB610F
:1065200001237B617B6983F31088C046FB681B688D
:106530001A68FB681B688021C9040A431A60FB695A
:10654000BB61BB6983F31088C046BB1D1A88B9685C
:10655000FB68180000F058FE030000E0022318005A
:10656000BD4608B080BD000090B5ABB000AF78600C
:106570007B681B68DB69A422B9180B607B681B6809
:106580001B68A02039180B607B681B689B689C21E6
:1065900079180B601100BB181B68994A13409822A8
:1065A000BC182360BB181B68002B14D17B181B6818
:1065B000202213400FD03B181B68202213400AD022
:1065C0007B689B6E002B00D19EE27B689B6E7A6895
:1065D0001000984798E29823FB181B68002B00D105
:1065E00014E19C23FB181B680122134006D1A02351
:1065F000FB181B68834A134000D107E1A423FB1852
:106600001B680122134012D0A023FB181A688023B4
:106610005B0013400BD07B681B6801221A627B6809
:1066200084229B5801221A437B6884215A50A42358
:10663000FB181B680222134011D09C23FB181B6817
:10664000012213400BD07B681B6802221A627B6810
:1066500084229B5804221A437B6884215A50A42325
:10666000FB181B680422134011D09C23FB181B68E5
:10667000012213400BD07B681B6804221A627B68DE
:1066800084229B5802221A437B6884215A50A423F7
:10669000FB181B680822134017D0A023FB181B68A7
:1066A0002022134005D19C23FB181B6801221340B4
:1066B0000BD07B681B6808221A627B6884229B5877
:1066C00008221A437B6884215A50A423FB181A68B5
:1066D00080231B01134013D0A023FB181A688023CA
:1066E000DB0413400CD07B681B68802212011A6205
:1066F0007B6884229B5820221A437B6884215A504D
:106700007B6884229B58002B00D1FFE1A423FB1857
:106710001B68202213400ED0A023FB181B682022E8
:10672000134008D07B689B6E002B04D07B689B6E67
:106730007A68100098477B6884229B5894217A18C5
:1067400013607B681B689B6840221340402B04D079
:106750007B181B682822134047D07B68180000F084
:1067600017FE7B681B689B6840221340402B37D183
:10677000EFF310833B663B6E90203A1813600123C1
:106780007B667B6E83F31088C0467B681B689A68C3
:106790007B681B6840218A439A603B181B68BB6674
:1067A000BB6E83F31088C0467B685B6F002B12D0F2
:1067B0007B685B6F144A5A637B685B6F1800FDF758
:1067C000BBFE031E1AD07B685B6F5A6B7B685B6FE6
:1067D0001800904712E07B68180001F0D8F80DE02F
:1067E0007B68180001F0D3F808E07B68180001F01E
:1067F000CEF87B6884220021995087E1C04685E16C
:106800000F08000020010004FF7600087B681B6E63
:10681000012B00D039E1A423FB181B681022134080
:1068200000D132E1A023FB181B681022134000D1D5
:106830002BE17B681B6810221A627B681B689B68CF
:1068400040221340402B00D09FE07B685B6F1B68A9
:106850005A687E217B181A807B181B88002B00D178
:1068600056E17B6858229B5A7A1812889A4200D3C4
:106870004EE17B687A185A2112885A527B685B6F06
:106880009B69202B6FD0EFF310833B633B6BBB679F
:1068900001237B637B6B83F31088C0467B681B6896
:1068A0001A687B681B689E490A401A60BB6FBB630D
:1068B000BB6B83F31088C046EFF31083FB63FB6B65
:1068C0007B6701233B643B6C83F31088C0467B6885
:1068D0001B689A687B681B6801218A439A607B6FFA
:1068E0007B647B6C83F31088C046EFF31083BB643A
:1068F000BB6C3B670123FB64FB6C83F31088C046D1
:106900007B681B689A687B681B6840218A439A6091
:106910003B6F3B653B6D83F31088C0467B688022EC
:10692000202199507B6800221A66EFF310837B6563
:106930007B6DFB660123BB65BB6D83F31088C0468E
:106940007B681B681A687B681B6810218A431A6081
:10695000FB6EFB65FB6D83F31088C0467B685B6F45
:106960001800FDF7B1FD7B6802225A667B68582249
:106970009A5A7B685A215B5A9BB2D31A9AB27B68A7
:106980001100180000F0E0F8C2E07B685822995A24
:106990007B685A229B5A9AB28E203B188A1A1A8018
:1069A0007B685A229B5A9BB2002B00D1B2E03B1865
:1069B0001B88002B00D1ADE0EFF31083FB60FB6878
:1069C00088243A19136001233B613B6983F31088E3
:1069D000C0467B681B681A687B681B6851490A407F
:1069E0001A603B191B687B617B6983F31088C04682
:1069F000EFF31083BB61BB6984243A191360012350
:106A0000FB61FB6983F31088C0467B681B689A684A
:106A10007B681B6801218A439A603B191B683B62B3
:106A20003B6A83F31088C0467B68802220219950FE
:106A30007B6800221A667B6800229A66EFF3108357
:106A40007B627B6A80243A1913600123BB62BB6AB4
:106A500083F31088C0467B681B681A687B681B68D4
:106A600010218A431A603B191B68FB62FB6A83F39F
:106A70001088C0467B6802225A663B181A887B68D9
:106A80001100180000F060F844E0A423FB181A6815
:106A900080235B03134010D09C23FB181A688023CB
:106AA000DB03134009D07B681B68802252031A6203
:106AB0007B68180000F01CFF2FE0A423FB181B6864
:106AC000802213400FD0A023FB181B6880221340A4
:106AD00009D07B68DB6E002B1ED07B68DB6E7A688A
:106AE0001000984718E0A423FB181B6840221340AD
:106AF00013D0A023FB181B68402213400DD07B68E5
:106B0000180000F0CAFE08E0C04606E0C04604E0F7
:106B1000C04602E0C04600E0C046BD462BB090BD76
:106B2000FFFEFFFFDFFEFFFF80B582B000AF7860A1
:106B3000C046BD4602B080BD80B582B000AF78606F
:106B4000C046BD4602B080BD80B582B000AF78605F
:106B50000A00BB1C1A80C046BD4602B080BD0000C2
:106B600080B588B000AF78601E23FB1800221A7031
:106B70007B689A687B681B691A437B685B691A4368
:106B80007B68DB6913437B617B681B681B68AF4ACA
:106B9000134019007B681B687A690A431A607B6896
:106BA0001B685B68AA4A134019007B68DA687B6837
:106BB0001B680A435A607B689B697B617B681B6A20
:106BC0007A6913437B617B681B689B68A14A134009
:106BD00019007B681B687A690A439A607B681B68A6
:106BE0009D4A934227D19D4B1B6B03221340032BDD
:106BF0000DD01BD8022B14D018D8002B02D0012B9B
:106C00000AD013E01F23FB1800221A7065E01F232F
:106C1000FB1802221A7060E01F23FB1804221A706E
:106C20005BE01F23FB1808221A7056E01F23FB1895
:106C300010221A7051E07B681B68894A934234D154
:106C4000864B1A6BC0239B021340C02292029342D0
:106C500017D0C0229202934222D8802292029342FD
:106C600019D08022920293421AD8002B04D080229D
:106C7000520293420AD013E01F23FB1800221A701D
:106C80002BE01F23FB1802221A7026E01F23FB189B
:106C900004221A7021E01F23FB1808221A701CE03E
:106CA0001F23FB1810221A7017E07B681B686D4ABF
:106CB000934204D11F23FB1800221A700DE07B6859
:106CC0001B68694A934204D11F23FB1800221A70E3
:106CD00003E01F23FB1810221A707B68DA698023F7
:106CE0001B029A425CD11F23FB181B78082B15D07E
:106CF00018DC042B0DD015DC002B02D0022B05D0A4
:106D000010E0FFF771F90300BB6112E0574BBB6164
:106D10000FE0FFF7EDF80300BB610AE080231B02E0
:106D2000BB6106E00023BB611E23FB1801221A7021
:106D3000C046BB69002B00D17AE0BB695A007B6872
:106D40005B685B08D2187B685B6819001000F9F774
:106D5000E5F903003B613B690F2B1CD93A6980239D
:106D60005B029A4217D23B699AB20E203B180F2160
:106D70008A431A803B695B089BB20722134099B291
:106D80003B183A1812880A431A807B681B683A1825
:106D90001288DA604CE01E23FB1801221A7047E0CB
:106DA0001F23FB181B78082B15D018DC042B0DD0E3
:106DB00015DC002B02D0022B05D010E0FFF714F9F0
:106DC0000300BB6112E0294BBB610FE0FFF790F8B5
:106DD0000300BB610AE080231B02BB6106E00023C5
:106DE000BB611E23FB1801221A70C046BB69002B31
:106DF0001ED07B685B685A08BB69D2187B685B68E9
:106E000019001000F9F78AF903003B613B690F2B69
:106E10000AD93A6980235B029A4205D23B699AB249
:106E20007B681B68DA6003E01E23FB1801221A70DE
:106E30007B6800229A667B680022DA661E23FB18B4
:106E40001B781800BD4608B080BDC046F369FFEF4F
:106E5000FFCFFFFFFFF4FFFF0038014000100240AA
:106E60000044004000480040004C004000127A00FE
:106E700080B582B000AF78607B685B6A08221340FF
:106E80000BD07B681B685B684A4A134019007B681B
:106E90005A6B7B681B680A435A607B685B6A0122F5
:106EA00013400BD07B681B685B68434A1340190092
:106EB0007B689A6A7B681B680A435A607B685B6AD6
:106EC000022213400BD07B681B685B683B4A13406F
:106ED00019007B68DA6A7B681B680A435A607B6822
:106EE0005B6A042213400BD07B681B685B68344AE2
:106EF000134019007B681A6B7B681B680A435A6051
:106F00007B685B6A102213400BD07B681B689B6810
:106F10002C4A134019007B689A6B7B681B680A43F4
:106F20009A607B685B6A202213400BD07B681B68E9
:106F30009B68254A134019007B68DA6B7B681B68E5
:106F40000A439A607B685B6A402213401DD07B68CD
:106F50001B685B681D4A134019007B681A6C7B68CC
:106F60001B680A435A607B681A6C80235B039A4251
:106F70000BD17B681B685B68154A134019007B685E
:106F80005A6C7B681B680A435A607B685B6A802284
:106F900013400BD07B681B685B680E4A13401900D6
:106FA0007B689A6C7B681B680A435A60C046BD4682
:106FB00002B080BDFF7FFFFFFFFFFDFFFFFFFEFF71
:106FC000FFFFFBFFFFEFFFFFFFDFFFFFFFFFEFFF15
:106FD000FFFF9FFFFFFFF7FF80B592B002AF786021
:106FE0007B68842200219950FCF74AF90300FB6377
:106FF0007B681B681B6808221340082B2CD1FB6B95
:10700000802291037868464A0092002200F08CF8B2
:10701000031E21D0EFF310837B627B6ABB630123E5
:10702000BB62BB6A83F31088C0467B681B681A6822
:107030007B681B6880218A431A60BB6BFB62FB6A1A
:1070400083F31088C0467B682022DA677B68782249
:107050000021995403235FE07B681B681B680422AE
:107060001340042B46D1FB6B8022D10378682C4A55
:107070000092002200F058F8031E3BD0EFF310837B
:10708000FB60FB687B6301233B613B6983F31088F2
:10709000C0467B681B681A687B681B6821490A40E8
:1070A0001A607B6B7B617B6983F31088C046EFF3CA
:1070B0001083BB61BB693B630123FB61FB6983F305
:1070C0001088C0467B681B689A687B681B68012132
:1070D0008A439A603B6B3B623B6A83F31088C046ED
:1070E0007B688022202199507B6878220021995466
:1070F000032311E07B682022DA677B68802220214D
:1071000099507B6800221A667B6800225A667B6869
:1071100078220021995400231800BD4610B080BD8C
:10712000FFFFFF01DFFEFFFF80B584B000AFF86016
:10713000B9603B60FB1D1A7051E0BB6901334ED052
:10714000FCF79EF802003B68D31ABA699A4202D350
:10715000BB69002B01D1032351E0FB681B681B684E
:10716000042213403BD0BB68802B38D0BB68402B37
:1071700035D0FB681B68DB6908221340082B11D14E
:10718000FB681B6808221A62FB68180000F000F90F
:10719000FB68842208219950FB68782200219954C9
:1071A00001232CE0FB681B68DA6980231B011A406D
:1071B00080231B019A4212D1FB681B6880221201B6
:1071C0001A62FB68180000F0E3F8FB6884222021B3
:1071D0009950FB6878220021995403230FE0FB6843
:1071E0001B68DB69BA681340BA68D31A5A42534124
:1071F000DBB21A00FB1D1B789A429ED000231800B8
:10720000BD4604B080BD000080B590B000AFF8600E
:10721000B960BB1D1A80FB68BA685A65FB68BA1D65
:10722000582112885A52FB68842200219950FB6829
:10723000802222219950FB685B6F002B28D0FB68CD
:107240005B6F3E4A9A62FB685B6F3D4ADA62FB689D
:107250005B6F3C4A1A63FB685B6F00225A63FB68F2
:10726000586FFB681B6824331900FB685B6D1A00BC
:10727000BB1D1B88FDF7C2F8031E09D0FB688422E2
:1072800010219950FB68802220219950012350E061
:10729000FB681B69002B19D0EFF31083BB62BB6A3C
:1072A000FB630123FB62FB6A83F31088C046FB6823
:1072B0001B681A68FB681B68802149000A431A6032
:1072C000FB6B3B633B6B83F31088C046EFF310838B
:1072D0003B613B69BB6301237B617B6983F310885E
:1072E000C046FB681B689A68FB681B6801210A435B
:1072F0009A60BB6BBB61BB6983F31088C046EFF338
:107300001083FB61FB697B6301233B623B6A83F370
:107310001088C046FB681B689A68FB681B684021A0
:107320000A439A607B6B7B627B6A83F31088C0465A
:1073300000231800BD4610B080BDC0460D75000882
:10734000397600087B76000880B586B000AF78609B
:10735000EFF31083BB60BB687B610123FB60FB68BC
:1073600083F31088C0467B681B681A687B681B68BB
:10737000C0218A431A607B693B613B6983F31088B3
:10738000C0467B682022DA67C046BD4606B080BD95
:1073900080B58EB000AF7860EFF310837B617B69BE
:1073A0007B630123BB61BB6983F31088C0467B68A4
:1073B0001B681A687B681B6826490A401A607B6B49
:1073C000FB61FB6983F31088C046EFF310833B62D7
:1073D0003B6A3B6301237B627B6A83F31088C04670
:1073E0007B681B689A687B681B6801218A439A60E6
:1073F0003B6BBB62BB6A83F31088C0467B681B6E25
:10740000012B18D1EFF31083BB60BB68FB62012333
:10741000FB60FB6883F31088C0467B681B681A68B2
:107420007B681B6810218A431A60FB6A3B613B69D9
:1074300083F31088C0467B688022202199507B68A6
:1074400000221A667B6800229A66C046BD460EB0CE
:1074500080BDC046DFFEFFFF80B58CB000AF786016
:107460007B685B6AFB627B689B69202B35D0FB6A7B
:10747000522200219952EFF31083FB60FB68BB623C
:1074800001233B613B6983F31088C046FB6A1B689C
:107490009A68FB6A1B6880218A439A60BB6A7B6199
:1074A0007B6983F31088C046EFF31083BB61BB692F
:1074B0007B620123FB61FB6983F31088C046FB6A92
:1074C0001B681A68FB6A1B6840210A431A607B6AC2
:1074D0003B623B6A83F3108804E0FB6A180000F00B
:1074E0000FFAC046C046BD460CB080BD80B584B022
:1074F00000AF78607B685B6AFB60FB681800FFF791
:1075000013FBC046BD4604B080BD000080B594B0FA
:1075100000AF78607B685B6AFB647B689B69202BAB
:107520006FD0FB6C5A2200219952EFF31083BB619C
:10753000BB69BB640123FB61FB6983F31088C04610
:10754000FB6C1B681A68FB6C1B683A490A401A609E
:10755000BB6C3B623B6A83F31088C046EFF3108339
:107560007B627B6A7B640123BB62BB6A83F3108806
:10757000C046FB6C1B689A68FB6C1B6801218A4340
:107580009A607B6CFB62FB6A83F31088C046EFF362
:1075900010833B633B6B3B6401237B637B6B83F317
:1075A0001088C046FB6C1B689A68FB6C1B68402106
:1075B0008A439A603B6CBB63BB6B83F31088C04605
:1075C000FB6C802220219950FB6C1B6E012B18D183
:1075D000EFF31083FB60FB68FB6301233B613B69B6
:1075E00083F31088C046FB6C1B681A68FB6C1B6831
:1075F00010218A431A60FB6B7B617B6983F31088DF
:10760000C046FB6C00225A66FB6C1B6E012B08D136
:10761000FB6C58229A5AFB6C11001800FFF794FA81
:1076200003E0FB6C180000F092F9C046BD4614B0B0
:1076300080BDC046FFFEFFFF80B584B000AF78601C
:107640007B685B6AFB60FB6801225A66FB681B6E05
:10765000012B0AD1FB6858229B5A5B089AB2FB683F
:1076600011001800FFF770FA03E0FB681800FFF73D
:1076700063FAC046BD4604B080BD80B586B000AF99
:1076800078607B685B6A7B617B69DB6F3B617B69F0
:1076900080229B58FB607B691B689B68802213409B
:1076A000802B0AD13B69212B07D17B695222002113
:1076B00099527B691800FFF747FE7B691B689B683E
:1076C00040221340402B0AD1FB68222B07D17B6953
:1076D0005A22002199527B691800FFF759FE7B69F5
:1076E00084229B5810221A437B6984215A507B695B
:1076F000180000F04CF9C046BD4606B080BD80B50C
:1077000084B000AF78607B685B6AFB60FB685A22DC
:1077100000219952FB68522200219952FB681800FF
:1077200000F035F9C046BD4604B080BD80B58AB0D2
:1077300000AF78607B68DB6F212B4CD17B685222D5
:107740009B5A9BB2002B32D1EFF31083BB60BB6816
:107750007B620123FB60FB6883F31088C0467B6873
:107760001B681A687B681B6880218A431A607B6AE1
:107770003B613B6983F31088C046EFF310837B6164
:107780007B693B620123BB61BB6983F31088C04600
:107790007B681B681A687B681B6840210A431A6073
:1077A0003B6AFB61FB6983F31088C04613E07B688A
:1077B000DB6C1A787B681B681A857B68DB6C5A1C4B
:1077C0007B68DA647B6852229B5A9BB2013B99B278
:1077D0007B6852229952C046BD460AB080BD80B532
:1077E0008CB000AF78607B68DB6F212B51D17B6858
:1077F00052229B5A9BB2002B32D1EFF31083FB60D5
:10780000FB68BB6201233B613B6983F31088C04680
:107810007B681B681A687B681B6880218A431A6032
:10782000BB6A7B617B6983F31088C046EFF31083EA
:10783000BB61BB697B620123FB61FB6983F3108839
:10784000C0467B681B681A687B681B6840210A4336
:107850001A607B6A3B623B6A83F31088C04618E07B
:107860007B68DB6CFB62FB6A1A887B681B68D2054D
:10787000D20D92B21A857B68DB6C9A1C7B68DA6445
:107880007B6852229B5A9BB2013B99B27B68522281
:107890009952C046BD460CB080BD80B586B000AFE1
:1078A0007860EFF31083BB60BB687B610123FB60F2
:1078B000FB6883F31088C0467B681B681A687B6886
:1078C0001B6840218A431A607B693B613B6983F3F3
:1078D0001088C0467B682022DA677B680022DA665F
:1078E0007B68180000F00CF8C046BD4606B080BDAD
:1078F00080B582B000AF7860C046BD4602B080BDA2
:1079000080B584B000AF78607B68180000F05CF848
:107910000300FB60FB68002B15D0FB685B68180058
:1079200000F08EF8031E0ED1FB685A68FB68DB6816
:107930001900100000F01CF9FB68D9687B68072269
:107940001800FEF729FDC046BD4604B080BD80B5D5
:1079500084B000AF78607B68180000F035F8030051
:10796000FB60FB68002B0ED0FB689868FB681B6906
:107970000722190000F0D4F8FB6819697B68072218
:107980001800FEF799FDC046BD4604B080BD80B525
:1079900084B000AF78607B6884229B58082B0FD19D
:1079A0007B68180000F010F80300FB60FB68002BF8
:1079B00006D0FB6819697B6807221800FEF77CFD7A
:1079C000C046BD4604B080BD80B584B000AF7860CD
:1079D0000023FB607B681B68114A934202D1114B64
:1079E0001B68FB607B681B680F4A934202D10F4BF8
:1079F0001B68FB607B681B680D4A934202D10D4BEC
:107A00001B68FB607B681B680B4A934202D10B4BDF
:107A10001B68FB60FB681800BD4604B080BDC04613
:107A2000003801408004002000440040840400200D
:107A30000048004088040020004C00408C040020D6
:107A400080B582B000AF78607B68074A9A5A79683F
:107A500080239B00CB5AD31A5A425341DBB2180001
:107A6000BD4602B080BDC0460202000080B582B0B3
:107A700000AF78607B680A4A9A5A796880239B0035
:107A8000CB5AD31A9BB2DB05DB0D064A94466344FE
:107A90005A425341DBB21800BD4602B080BDC04619
:107AA0000202000001FEFFFF80B582B000AF7860E7
:107AB0000A00FB1C1A707B681800FFF7D7FF031E33
:107AC0000CD07A6880239B00D35A01339BB2DB052C
:107AD000DB0D99B27A6880239B00D1527B680F4AF4
:107AE0009B5A19007B68FA1C12785A547B680B4A1F
:107AF0009B5A01339BB2DB05DB0D99B27B68074AC9
:107B000099527A6881239B00D358591C7A68812343
:107B10009B00D150C046BD4602B080BD02020000AD
:107B200090B587B000AFF860B960BB1D1A8016230E
:107B3000FB1800221A800FE016243B191B88BA6834
:107B4000D3181A78FB6811001800FFF7ADFF3B1936
:107B50001A883B1901321A801623FA18BB1D1288A5
:107B60001B889A42E8D3C046C046BD4607B090BDC8
:107B700080B582B000AF786039607B681800FFF78D
:107B80005FFF031E01D000231FE07A6880239B0063
:107B9000D35A1A007B689A5C3B681A707A68802313
:107BA0009B00D35A01339BB2DB05DB0D99B27A6897
:107BB00080239B00D1527A6882239B00D358591CA2
:107BC0007A6882239B00D15001231800BD4602B081
:107BD00080BD0000002310B5040003604360836093
:107BE00081814366C2810361436183611900082278
:107BF0005C3000F00FFA0B4B246263620A4BA36205
:107C00000A4BE3620A4B23630A4B9C4205D00A4BA2
:107C10009C4202D0094B9C4203D12000583000F016
:107C200079FA10BD3D7E0008657E00089D7E000843
:107C3000C97E000890040020F804002060050020A0
:107C400010B5034A0349044800F06CF810BDC04663
:107C500020000020B18900083000002041680B4B53
:107C600010B50400994201D000F0A2FEA168084BB3
:107C7000994202D0200000F09BFEE168054B99423A
:107C800002D0200000F094FE10BDC04690040020F9
:107C9000F80400206005002010B5094B094A0421B2
:107CA0001A6009480022FFF795FF012209210748C1
:107CB000FFF790FF022212210548FFF78BFF10BD4E
:107CC000C8050020417C000890040020F804002032
:107CD0006005002010B5024800F01DFA10BDC04636
:107CE000D105002010B5024800F016FA10BDC046BC
:107CF000D105002010B50400FFF7ECFF236A002B2C
:107D000002D0FFF7EFFF10BD044B2362044B1B684A
:107D1000002BF6D1FFF7C0FFF3E7C0465D7C0008FB
:107D2000C8050020F7B51400002600900191A56851
:107D30006768013F04D52468002CF8D13000FEBDEF
:107D4000AB89012B08D90E22AB5E013304D0290088
:107D50000098019B984706436835EAE70FB407B5DA
:107D6000054904AB086804CB8168019300F002FB6D
:107D700003B008BC04B018472C000020036A70B59B
:107D800005000E008468002B01D1FFF7B3FF636E7E
:107D9000DB0705D4A3899B0502D4A06D00F0BBF9D5
:107DA000A3891B0702D52369002B1FD121002800BE
:107DB00000F0D2F8002819D001256D42636EDB0770
:107DC00005D4A3899B0502D4A06D00F0A5F9280075
:107DD00070BD0136A360002B04DAA2699A4216DC5A
:107DE0000A2914D023685A1C22601970A3683178BC
:107DF000013B0029EDD1A360002B0FDA22002800FF
:107E00000A3100F067F80130D6D00A25D6E7220003
:107E1000280000F05FF80130E8D1CDE723685A1C54
:107E200022600A221A70F0E710B5034B01001868AF
:107E3000FFF7A4FF10BDC0462C00002070B50C0059
:107E40000E25495F00F014F9002803DB636D1B1851
:107E5000636570BDA389024A1340A381F9E7C04658
:107E6000FFEFFFFFF8B51F008B8905000C0016001F
:107E7000DB0505D50E23C95E0022022300F0E4F8DD
:107E8000A389054A28001340A38132000E23E15E36
:107E90003B0000F001F9F8BDFFEFFFFF70B50C00EB
:107EA0000E25495F00F0D0F8A389421C03D1054A92
:107EB0001340A38170BD802252011343A3816065EA
:107EC000F8E7C046FFEFFFFF10B50E23C95E00F0D4
:107ED000A9F810BDF8B506000D001400002804D064
:107EE000036A002B01D1FFF705FFA369A360A389F3
:107EF0001B0702D52369002B09D12100300000F0B7
:107F00002BF8002803D001256D422800F8BD236915
:107F10002068EFB2C01A6369EDB2834205DC21002C
:107F2000300000F045FD0028EDD1A3680130013B91
:107F3000A36023685A1C22601F706369834204D0C7
:107F4000A389DB07E1D50A2DDFD12100300000F045
:107F50002FFD0028D9D0D6E72D4B70B50500186845
:107F60000C00002804D0036A002B01D1FFF7C2FEE9
:107F70000C22A35E1A0723D4DA0607D409222A604A
:107F8000402201201343A38140423AE05B0713D50E
:107F9000616B002908D023004433994202D02800A5
:107FA00000F0C4F8002363632422A3899343A381D0
:107FB00000236360236923600823A2891343A381FC
:107FC0002369002B0BD1A0218022A3898900920074
:107FD0000B40934203D02100280000F03FFD0C220B
:107FE000A35E01211A000A400B420BD00022A260BE
:107FF00062695242A26100202269824201D11A06BE
:10800000BED470BD990700D46269A260F3E7C04690
:108010002C00002003008218934200D17047197091
:108020000133F9E7002370B5064D040008002B600A
:10803000FBF739F8431C03D12B68002B00D02360D9
:1080400070BDC046CC05002070B5040008001100CA
:108050001A000023054D2B60FBF746F8431C03D1A3
:108060002B68002B00D0236070BDC046CC050020DB
:1080700070B50400080011001A000023054D2B60A4
:10808000FAF7D8FF431C03D12B68002B00D02360E4
:1080900070BDC046CC05002070B50400080011007A
:1080A0001A000023054D2B60FAF7E1FF431C03D1B2
:1080B0002B68002B00D0236070BDC046CC0500208B
:1080C000014B18687047C0462C00002070B5002690
:1080D0000C4C0D4D641BA410A64209D1002600F0E3
:1080E00041FD0A4C0A4D641BA410A64205D170BD87
:1080F000B300EB5898470136EEE7B300EB589847CA
:108100000136F2E7948E0008948E0008988E0008DD
:10811000948E0008704770477047002310B59A424C
:1081200000D110BDCC5CC4540133F8E770B5050034
:108130000C1E10D0043C2368002B00DAE418280041
:1081400000F0E0F81D4A1368002B05D1636014604D
:10815000280000F0DFF870BDA34208D9206821187C
:108160008B42F3D119685B6809182160EEE71A00A9
:108170005B68002B01D0A342F9D911685018A042C6
:108180000BD120680918501811608342E0D118689B
:108190005B68411811605360DAE7A04202D90C23F2
:1081A0002B60D5E7206821188B4203D119685B68E2
:1081B0000918216063605460CAE7C046D8050020F2
:1081C00070B50F4E0D0031680400002902D100F097
:1081D000ABFC30602900200000F0A6FC431C03D15A
:1081E00001256D42280070BD0323C51C9D43A84294
:1081F000F8D0291A200000F097FC0130F2D1EFE707
:10820000D4050020F7B50322CB1C934308330500A7
:108210001F000C2B34D20C27B94233D8280000F0B1
:1082200071F8374E33681C00002C2FD1390028001C
:10823000FFF7C6FF0400431C5FD134680094009B25
:10824000002B4AD1002C52D023682800E318009953
:10825000019300F069FC019B834248D12368280008
:10826000FF1A3900FFF7ACFF013040D02368DB195B
:10827000236033685A68002A33D1009B336019E0C9
:10828000002BC9DA0C232B600020FEBD2168C91B1E
:1082900020D40B290AD9E2192760A34204D1326005
:1082A00063681160536005E05A60F9E76268A342B1
:1082B0000ED13260280000F02DF8200007220B308C
:1082C000231D9043C21A9842DFD01B1AA350DCE74B
:1082D0005A60EFE723006468A6E7009C6368009398
:1082E000ADE71A005B68A342FBD10023DAE70C2359
:1082F00028002B6000F00EF8C6E70760DAE7C046FA
:10830000D805002010B50248FFF705FF10BDC04694
:10831000D005002010B50248FFF7FEFE10BDC04694
:10832000D0050020936810B5013B9360002B04DA60
:108330009469A34207DB0A2905D01368581C106012
:108340001970080010BDFFF7C5FD0100F9E7F8B589
:1083500006000F001400D518AC4201D1002007E040
:1083600021783A003000FFF7DDFF0134431CF3D1E0
:10837000F8BD0000F0B5A1B00F0015001E0003907D
:10838000002804D0036A002B01D1FFF7B3FC7B6EF9
:10839000DB0705D4BB899B0502D4B86DFFF7BBFE94
:1083A000BB891B0702D53B69002B13D13900039809
:1083B000FFF7D2FD00280DD07B6EDB0703D501202F
:1083C000404221B0F0BDBB899B05F8D4B86DFFF7E2
:1083D000A3FEF4E7002308AC636120336376103317
:1083E000A37607962E003378002B01D0252B48D199
:1083F000731B0593AE420BD02A0039000398FFF798
:10840000A6FF013000D1AEE06369059A9B18636155
:108410003378002B00D1A6E0012200235242626093
:1084200004A954325218751C2360E360A3601370D2
:10843000A365594B052218002978059300F086FBA7
:108440006E1C00281FD12268D30604D5532304A92B
:108450005B1820211970130704D5532304A95B1856
:108460002B2119702B782A2B16D02E0000210A20E0
:10847000E3683278751C303A092A50D9002911D1A5
:1084800017E00136AFE7059B2268C01A012383403D
:10849000134335002360CCE7079B191D1B68079128
:1084A000002B01DB0B9304E05B42E36002231343E8
:1084B000236033782E2B0CD173782A2B34D1079B71
:1084C00002361A1D1B680792002B01DA01235B425A
:1084D0000993324D03222800317800F037FB002841
:1084E00006D04023401B834022680136134323609B
:1084F000317806222A48751C217600F027FB0028D7
:1085000040D0284B002B22D10722079B07339343EF
:10851000083307936369049A9B18636162E74343D6
:108520002E0001219B18A4E700230A201900013620
:1085300063603278751C303A092A03D9002BC8D001
:108540000991C6E741432E0001238918F1E707AAE4
:10855000009221003A00144B039800E000BF049001
:10856000049B0133D6D17B6EDB0705D4BB899B0509
:1085700002D4B86DFFF7D0FDBB895B0600D51EE7BE
:108580000D981EE707AA009221003A00064B0398B7
:1085900000F07CF8E3E7C046608E0008668E0008B5
:1085A0006A8E0008000000004F830008F7B516002F
:1085B00001938A680B690C000090934200DA130063
:1085C0002200336043321278002A01D00133336035
:1085D00023689B0602D53368023333602268062382
:1085E00015001D401A4227D0230043331B785A1E22
:1085F00093412268920630D4220001990098089D88
:108600004332A847013025D00622236800251340B5
:10861000042B05D13368E568ED1AEB43DB171D40E9
:10862000A3682269934201DD9B1AED180026B5422A
:1086300020D1002010E00135E36832689B1AAB427C
:10864000D2DD2200012301990098089F1932B84712
:108650000130F0D101204042FEBD3020E11843310D
:10866000087021005A1C45310978A21843320233A0
:108670001170C1E72200012301990098089F1A3266
:10868000B8470130E6D00136D1E70000F0B58BB035
:1086900006920A0043320793059003920A7E0C006B
:1086A000109B782A09D8622A0BD8002A00D1BAE098
:1086B0007A490491582A00D18EE0250042352A706B
:1086C00022E0100063381528F7D8F7F71DFD1600D3
:1086D0001F00F6FFF6FFF6FFF6FF1F00F6FFF6FF9E
:1086E000F6FFF6FF9F0036007E00F6FFF6FFB000B3
:1086F000F6FF3600F6FFF6FF820025001A684235C5
:10870000111D196013682B7001239EE01868096819
:10871000021D0D060BD506681A60002E03DA2D2304
:10872000039A764213705D4B0A27049318E006689B
:108730001A604906F1D536B2EFE70868196840C9F2
:10874000050602D4400600D5B6B21960534B0A277D
:1087500004936F2A00D1023F2300002243331A7092
:108760006368A360002B06DB04212268039D8A4313
:10877000226033430CD0039D30003900F7F754FDDD
:10878000049B013D5B5C2B70330006009F42F3D9D4
:10879000082F09D12368DB0706D5626823699A424E
:1087A00002DC3023013D2B70039B5B1B2361079B85
:1087B000210000930598069B09AAFFF7F7FE0130F8
:1087C00048D1012040420BB0F0BD202209680A4385
:1087D0002260782232490491210045310A701968DB
:1087E000226840C9100602D4500600D5B6B21960FE
:1087F000D30702D5202313432360002E01D0102776
:10880000AAE72022236893432360F8E71A680D68DB
:10881000101D4969186013682E0601D5196002E021
:108820006D06FBD519800023039D2361BFE71A68FD
:10883000111D1960156800212800626800F086F992
:10884000002801D0401B6060636823610023039A05
:108850001370ACE72A00236906990598079DA8477D
:108860000130AED023689B0715D4099BE06898427D
:10887000A9DA1800A7E72200012306990598079EA8
:108880001932B04701309CD00135E368099A9B1A30
:10889000AB42F0DCE9E70025F7E7C046718E00083F
:1088A000828E0008F7B50C228B5E05000C001A07BB
:1088B00056D44A68002A02DC0A6C002A4EDDE76AB8
:1088C000002F4BD0002280202E682A601A00400121
:1088D000216A0240034233D0626DA3895B0706D54B
:1088E0006368D21A636B002B01D0236CD21A002369
:1088F0002800E76A216AB847A289431C06D1296883
:108900001D2946D8294BCB40DB0742D500236360A5
:1089100023692360D20405D5431C02D12B68002BA8
:1089200000D16065616B2E60002917D023004433AD
:10893000994202D02800FFF7F9FB002363630DE0A2
:1089400001232800B8470200431CC6D12B68002B26
:10895000C3D01D2B01D0162B1AD12E6000201EE093
:108960000E69002EFAD00F680E60BA1B0192002229
:108970009B0700D14A69A260019B002BEEDDA36A30
:1089800032001F002800019B216AB847002807DC3D
:10899000A2894023012013431BB2A3814042FEBDA4
:1089A000019B36181B1A0193E6E7C04601004020E0
:1089B0000B6970B505000C00002B02D100252800C2
:1089C00070BD002804D0036A002B01D1FFF792F993
:1089D0000C22A35E002BF1D0626ED20704D49B055B
:1089E00002D4A06DFFF797FB28002100FFF75AFF84
:1089F000636E0500DB07E2D4A3899B05DFD4A06D7D
:108A0000FFF78AFBDBE7000070B50E001D000E23A8
:108A1000C95E140096B000290CDAB28980231100D7
:108A200019401A4214D18023DB0000202960236002
:108A300016B070BD6A4600F053F80028EDDBF02355
:108A400001991B021940044BC9184B425941EAE7EE
:108A500000214023E9E7C04600E0FFFFF0B5022611
:108A60008B8905000C0085B0334207D023004733C3
:108A7000236023610123636105B0F0BD03AB02AA4B
:108A8000FFF7C2FF029F019039002800FFF7BAFBF1
:108A9000002808D10C22A35E9A05EDD4032293434B
:108AA0001E43A681E2E78023A28920601343A381AD
:108AB000039B20616761002B0CD028000E23E15E30
:108AC00000F020F8002805D00323A2899A43023B36
:108AD0001343A381A389019A1343A381CCE7000028
:108AE000002370B5064D0400080011002B60FAF752
:108AF000E4FA431C03D12B68002B00D0236070BD27
:108B0000CC050020002370B5064D040008002B6042
:108B1000FAF7E1FA431C03D12B68002B00D0236045
:108B200070BDC046CC050020002370B5064D040082
:108B300008002B60FAF7E4FA431C03D12B68002BE2
:108B400000D0236070BDC046CC050020C9B2821899
:108B5000904201D10020704703788B42FBD0013056
:108B6000F6E70000F8B5C046F8BC08BC9E46704762
:0C8B7000F8B5C046F8BC08BC9E46704733
:108B7C0048414C5F4932435F4D61737465725F5479
:108B8C0072616E736D69742048414C5F4552524F4F
:108B9C00520D000048414C5F4932435F4D61737484
:108BAC0065725F5472616E736D69742048414C5FDD
:108BBC0054494D454F55540D0000000048414C5F41
:108BCC004932435F4D61737465725F5472616E73A9
:108BDC006D69742048414C5F425553590D0000009B
:108BEC00556E6B6E6F776E20737461747573206441
:108BFC00617461202564000048414C5F4932435F39
:108C0C004552524F525F424552520D0048414C5F03
:108C1C004932435F4552524F525F41524C4F0D0007
:108C2C0048414C5F4932435F4552524F525F414677
:108C3C000D00000048414C5F4932435F4552524F92
:108C4C00525F4F56520D000048414C5F4932435F12
:108C5C004552524F525F444D410D000048414C5F0C
:108C6C004932435F4552524F525F54494D454F551F
:108C7C00540D000048414C5F4932435F53544154FA
:108C8C00455F52455345540D0000000048414C5F70
:108C9C004932435F53544154455F425553590D007B
:108CAC0048414C5F4932435F53544154455F4255F0
:108CBC0053595F54580D000048414C5F4932435F93
:108CCC0053544154455F425553595F52580D00005F
:108CDC0048414C5F4932435F53544154455F4C49C2
:108CEC005354454E0D00000048414C5F4932435FE0
:108CFC0053544154455F425553595F54585F4C4946
:108D0C005354454E0D00000048414C5F4932435FBF
:108D1C0053544154455F425553595F52585F4C4927
:108D2C005354454E0D00000048414C5F4932435F9F
:108D3C0053544154455F41424F52540D00000000C2
:108D4C0043616E27742066696E6420424E4F303545
:108D5C00352C2069643A203078253032782E20501A
:108D6C006C6561736520636865636B20796F7572E0
:108D7C0020776972696E672E0D0A000043616E20C0
:108D8C004D6573736167652053656E740000000058
:108D9C004661696C656420546F2053656E640000F5
:108DAC00A404000862030008400300082C03000818
:108DBC004003000846040008400300082C03000888
:108DCC006203000862030008460400082C03000834
:108DDC002403000824030008240300086804000886
:108DEC00000000000000000001020304060708094F
:108DFC000000000001020304C2350008CA35000857
:108E0C00D2350008DA350008E2350008EA350008EA
:108E1C00F2350008FA350008023600080A36000858
:108E2C00123600081A360008223600082A360008C6
:108E3C003236000802030405060708090A0B0C0D5C
:108E4C000E0F10100102030405060708090A0B0C8B
:108E5C000D0E0F10232D302B2000686C4C00656616
:108E6C00674546470030313233343536373839416F
:108E7C004243444546003031323334353637383985
:088E8C00616263646566000089
:048E9400E9000008E9
:048E9800C10000080D
:108E9C0064001000100010000040000040404040F2
:108EAC004040000000127A000400000001000000A5
:108EBC00000000000300000090040020300000209F
:108ECC000000000090040020F80400206005002041
:108EDC000000000000000000000000000000000086
:108EEC000000000000000000000000000000000076
:108EFC000000000000000000000000000000000066
:0C8F0C0000000000000000000000000059
:040000050800317945
:00000001FF
